author,location,date,body,helpful_votes
stars Great headphones with good quality sound and battery life,United States,"May 27, 2025","The JBL Tune 510BT headphones truly deliver on all fronts! From the moment I paired them with my phone, I was impressed by how quick and effortless the Bluetooth connection was — no lag, no fuss. Whether I’m switching between my Android phone and tablet or hopping on a call, the connection stays stable and smooth every time. The sound quality is where these really shine. Crisp highs, deep bass, and a well-balanced midrange make everything from podcasts to playlists sound amazing. JBL’s Pure Bass feature adds just the right punch without being overwhelming. Battery life is another huge win. I’ve been using these daily for work, workouts, and travel, and I easily get close to 40 hours on a full charge. Plus, the fast charging is a game-changer — just a few minutes of charge gives me hours of playback. They’re also lightweight and fold up nicely for travel or commuting, with a comfortable fit that doesn’t pinch or feel heavy after long use. Overall, these are an excellent value for the price — perfect for anyone who wants premium sound, reliable Bluetooth, and marathon battery life without breaking the bank. Highly recommended!",19
stars Good for calls and listening to music,United States,"July 28, 2025","Great sound and great for calls. I use them to workout, battery life has been good. Love the pink color, it's very soft. Connects easily to my phones. The only thing I dislike is that to skip a song you have to keep the volume buttons oressed, but overall, they're great headphones for the price.",0
stars Headphones are decent,United States,"July 24, 2025",They have a good enough build quality and feel to them. The sound is fine but could be better. Battery lasts a long time. Mic works great for calls. Only downside is they don't fit too comfortably on my head but for the price it's good value for your money.,0
ve ever had,United States,"July 20, 2025","These work so good, they connect very fast and the battery life is so long! These are easy to fold up and put in any bag, super comfortable, and the noise cancelation is chefs kiss. Setup is amazing",0
stars Good Quality BT Headphones,United States,"July 7, 2025","These are great headphones for the price. They connect to BT devices easily, and the earpieces are a comforting size. The sound quality is decent; you get what you pay for there. Mic quality seems to be good. I don't have trouble with conference calls. My only complaint is they do weigh on the peak of my head and that gets uncomfortable. Otherwise I love them they are great.",3
BT Bluetooth Headphones,United States,"July 5, 2025","If you're looking for a reliable, budget-friendly pair of Bluetooth headphones, the JBL 510BT is a solid choice that delivers great value for the price. Comfort & Fit The fit is surprisingly good, snug without being tight, and lightweight enough for long listening sessions. The ear cushions are soft, and the adjustable headband helps create a comfortable fit for different head sizes. Whether you're using them at the gym, on a walk, or during a workday, they stay put and feel comfortable. One of the standout features is the impressive battery life. JBL claims up to 40 hours, and it really delivers — you can go several days without needing a recharge. Pairing is quick and easy. The Bluetooth connection is stable, with no dropouts or lag. It connects seamlessly to both iOS and Android devices, remembers your device for auto-pairing after the first use, just turn them on and you're ready to go. For the price, the sound is very solid. Pros: Comfortable, secure fit Long battery life (up to 40 hours) Fast charging Easy Bluetooth connection Lightweight and foldable Great sound for the price Cons: No noise cancellation (but not expected at this price) Mostly plastic build (still feels sturdy) Overall The JBL 510BT is an excellent choice for anyone who wants reliable wireless headphones without breaking the bank. Whether you’re commuting, working out, or just enjoying music at home, these headphones get the job done. I highly recommend for casual listeners looking for comfort, battery life, and value.",22
stars must have,United States,"July 13, 2025","These headphones did not disappoint! The sound is crisp, deep, and powerful—perfect for music, podcasts, or even calls. The bass hits just right without overpowering everything else. They’re super comfortable to wear, even for long periods, and the battery life is impressive. I love how easy they are to connect, and the design feels sleek and durable. Great quality for the price—JBL never misses when it comes to sound. One person found this",0
stars Great headphones with good quality sound and battery life,United States,"May 27, 2025","The JBL Tune 510BT headphones truly deliver on all fronts! From the moment I paired them with my phone, I was impressed by how quick and effortless the Bluetooth connection was — no lag, no fuss. Whether I’m switching between my Android phone and tablet or hopping on a call, the connection stays stable and smooth every time. The sound quality is where these really shine. Crisp highs, deep bass, and a well-balanced midrange make everything from podcasts to playlists sound amazing. JBL’s Pure Bass feature adds just the right punch without being overwhelming. Battery life is another huge win. I’ve been using these daily for work, workouts, and travel, and I easily get close to 40 hours on a full charge. Plus, the fast charging is a game-changer — just a few minutes of charge gives me hours of playback. They’re also lightweight and fold up nicely for travel or commuting, with a comfortable fit that doesn’t pinch or feel heavy after long use. Overall, these are an excellent value for the price — perfect for anyone who wants premium sound, reliable Bluetooth, and marathon battery life without breaking the bank. Highly recommended!",19
stars Good for calls and listening to music,United States,"July 28, 2025","Great sound and great for calls. I use them to workout, battery life has been good. Love the pink color, it's very soft. Connects easily to my phones. The only thing I dislike is that to skip a song you have to keep the volume buttons oressed, but overall, they're great headphones for the price.",0
stars Headphones are decent,United States,"July 24, 2025",They have a good enough build quality and feel to them. The sound is fine but could be better. Battery lasts a long time. Mic works great for calls. Only downside is they don't fit too comfortably on my head but for the price it's good value for your money.,0
ve ever had,United States,"July 20, 2025","These work so good, they connect very fast and the battery life is so long! These are easy to fold up and put in any bag, super comfortable, and the noise cancelation is chefs kiss. Setup is amazing",0
stars Good Quality BT Headphones,United States,"July 7, 2025","These are great headphones for the price. They connect to BT devices easily, and the earpieces are a comforting size. The sound quality is decent; you get what you pay for there. Mic quality seems to be good. I don't have trouble with conference calls. My only complaint is they do weigh on the peak of my head and that gets uncomfortable. Otherwise I love them they are great.",3
BT Bluetooth Headphones,United States,"July 5, 2025","If you're looking for a reliable, budget-friendly pair of Bluetooth headphones, the JBL 510BT is a solid choice that delivers great value for the price. Comfort & Fit The fit is surprisingly good, snug without being tight, and lightweight enough for long listening sessions. The ear cushions are soft, and the adjustable headband helps create a comfortable fit for different head sizes. Whether you're using them at the gym, on a walk, or during a workday, they stay put and feel comfortable. One of the standout features is the impressive battery life. JBL claims up to 40 hours, and it really delivers — you can go several days without needing a recharge. Pairing is quick and easy. The Bluetooth connection is stable, with no dropouts or lag. It connects seamlessly to both iOS and Android devices, remembers your device for auto-pairing after the first use, just turn them on and you're ready to go. For the price, the sound is very solid. Pros: Comfortable, secure fit Long battery life (up to 40 hours) Fast charging Easy Bluetooth connection Lightweight and foldable Great sound for the price Cons: No noise cancellation (but not expected at this price) Mostly plastic build (still feels sturdy) Overall The JBL 510BT is an excellent choice for anyone who wants reliable wireless headphones without breaking the bank. Whether you’re commuting, working out, or just enjoying music at home, these headphones get the job done. I highly recommend for casual listeners looking for comfort, battery life, and value.",22
stars must have,United States,"July 13, 2025","These headphones did not disappoint! The sound is crisp, deep, and powerful—perfect for music, podcasts, or even calls. The bass hits just right without overpowering everything else. They’re super comfortable to wear, even for long periods, and the battery life is impressive. I love how easy they are to connect, and the design feels sleek and durable. Great quality for the price—JBL never misses when it comes to sound. One person found this",0
stars Great headphones with good quality sound and battery life,United States,"May 27, 2025","The JBL Tune 510BT headphones truly deliver on all fronts! From the moment I paired them with my phone, I was impressed by how quick and effortless the Bluetooth connection was — no lag, no fuss. Whether I’m switching between my Android phone and tablet or hopping on a call, the connection stays stable and smooth every time. The sound quality is where these really shine. Crisp highs, deep bass, and a well-balanced midrange make everything from podcasts to playlists sound amazing. JBL’s Pure Bass feature adds just the right punch without being overwhelming. Battery life is another huge win. I’ve been using these daily for work, workouts, and travel, and I easily get close to 40 hours on a full charge. Plus, the fast charging is a game-changer — just a few minutes of charge gives me hours of playback. They’re also lightweight and fold up nicely for travel or commuting, with a comfortable fit that doesn’t pinch or feel heavy after long use. Overall, these are an excellent value for the price — perfect for anyone who wants premium sound, reliable Bluetooth, and marathon battery life without breaking the bank. Highly recommended!",19
stars Good for calls and listening to music,United States,"July 28, 2025","Great sound and great for calls. I use them to workout, battery life has been good. Love the pink color, it's very soft. Connects easily to my phones. The only thing I dislike is that to skip a song you have to keep the volume buttons oressed, but overall, they're great headphones for the price.",0
stars Headphones are decent,United States,"July 24, 2025",They have a good enough build quality and feel to them. The sound is fine but could be better. Battery lasts a long time. Mic works great for calls. Only downside is they don't fit too comfortably on my head but for the price it's good value for your money.,0
ve ever had,United States,"July 20, 2025","These work so good, they connect very fast and the battery life is so long! These are easy to fold up and put in any bag, super comfortable, and the noise cancelation is chefs kiss. Setup is amazing",0
stars Good Quality BT Headphones,United States,"July 7, 2025","These are great headphones for the price. They connect to BT devices easily, and the earpieces are a comforting size. The sound quality is decent; you get what you pay for there. Mic quality seems to be good. I don't have trouble with conference calls. My only complaint is they do weigh on the peak of my head and that gets uncomfortable. Otherwise I love them they are great.",3
BT Bluetooth Headphones,United States,"July 5, 2025","If you're looking for a reliable, budget-friendly pair of Bluetooth headphones, the JBL 510BT is a solid choice that delivers great value for the price. Comfort & Fit The fit is surprisingly good, snug without being tight, and lightweight enough for long listening sessions. The ear cushions are soft, and the adjustable headband helps create a comfortable fit for different head sizes. Whether you're using them at the gym, on a walk, or during a workday, they stay put and feel comfortable. One of the standout features is the impressive battery life. JBL claims up to 40 hours, and it really delivers — you can go several days without needing a recharge. Pairing is quick and easy. The Bluetooth connection is stable, with no dropouts or lag. It connects seamlessly to both iOS and Android devices, remembers your device for auto-pairing after the first use, just turn them on and you're ready to go. For the price, the sound is very solid. Pros: Comfortable, secure fit Long battery life (up to 40 hours) Fast charging Easy Bluetooth connection Lightweight and foldable Great sound for the price Cons: No noise cancellation (but not expected at this price) Mostly plastic build (still feels sturdy) Overall The JBL 510BT is an excellent choice for anyone who wants reliable wireless headphones without breaking the bank. Whether you’re commuting, working out, or just enjoying music at home, these headphones get the job done. I highly recommend for casual listeners looking for comfort, battery life, and value.",22
stars must have,United States,"July 13, 2025","These headphones did not disappoint! The sound is crisp, deep, and powerful—perfect for music, podcasts, or even calls. The bass hits just right without overpowering everything else. They’re super comfortable to wear, even for long periods, and the battery life is impressive. I love how easy they are to connect, and the design feels sleek and durable. Great quality for the price—JBL never misses when it comes to sound. One person found this",0
stars Great headphones with good quality sound and battery life,United States,"May 27, 2025","The JBL Tune 510BT headphones truly deliver on all fronts! From the moment I paired them with my phone, I was impressed by how quick and effortless the Bluetooth connection was — no lag, no fuss. Whether I’m switching between my Android phone and tablet or hopping on a call, the connection stays stable and smooth every time. The sound quality is where these really shine. Crisp highs, deep bass, and a well-balanced midrange make everything from podcasts to playlists sound amazing. JBL’s Pure Bass feature adds just the right punch without being overwhelming. Battery life is another huge win. I’ve been using these daily for work, workouts, and travel, and I easily get close to 40 hours on a full charge. Plus, the fast charging is a game-changer — just a few minutes of charge gives me hours of playback. They’re also lightweight and fold up nicely for travel or commuting, with a comfortable fit that doesn’t pinch or feel heavy after long use. Overall, these are an excellent value for the price — perfect for anyone who wants premium sound, reliable Bluetooth, and marathon battery life without breaking the bank. Highly recommended!",19
stars Good for calls and listening to music,United States,"July 28, 2025","Great sound and great for calls. I use them to workout, battery life has been good. Love the pink color, it's very soft. Connects easily to my phones. The only thing I dislike is that to skip a song you have to keep the volume buttons oressed, but overall, they're great headphones for the price.",0
stars Headphones are decent,United States,"July 24, 2025",They have a good enough build quality and feel to them. The sound is fine but could be better. Battery lasts a long time. Mic works great for calls. Only downside is they don't fit too comfortably on my head but for the price it's good value for your money.,0
ve ever had,United States,"July 20, 2025","These work so good, they connect very fast and the battery life is so long! These are easy to fold up and put in any bag, super comfortable, and the noise cancelation is chefs kiss. Setup is amazing",0
stars Good Quality BT Headphones,United States,"July 7, 2025","These are great headphones for the price. They connect to BT devices easily, and the earpieces are a comforting size. The sound quality is decent; you get what you pay for there. Mic quality seems to be good. I don't have trouble with conference calls. My only complaint is they do weigh on the peak of my head and that gets uncomfortable. Otherwise I love them they are great.",3
BT Bluetooth Headphones,United States,"July 5, 2025","If you're looking for a reliable, budget-friendly pair of Bluetooth headphones, the JBL 510BT is a solid choice that delivers great value for the price. Comfort & Fit The fit is surprisingly good, snug without being tight, and lightweight enough for long listening sessions. The ear cushions are soft, and the adjustable headband helps create a comfortable fit for different head sizes. Whether you're using them at the gym, on a walk, or during a workday, they stay put and feel comfortable. One of the standout features is the impressive battery life. JBL claims up to 40 hours, and it really delivers — you can go several days without needing a recharge. Pairing is quick and easy. The Bluetooth connection is stable, with no dropouts or lag. It connects seamlessly to both iOS and Android devices, remembers your device for auto-pairing after the first use, just turn them on and you're ready to go. For the price, the sound is very solid. Pros: Comfortable, secure fit Long battery life (up to 40 hours) Fast charging Easy Bluetooth connection Lightweight and foldable Great sound for the price Cons: No noise cancellation (but not expected at this price) Mostly plastic build (still feels sturdy) Overall The JBL 510BT is an excellent choice for anyone who wants reliable wireless headphones without breaking the bank. Whether you’re commuting, working out, or just enjoying music at home, these headphones get the job done. I highly recommend for casual listeners looking for comfort, battery life, and value.",22
stars must have,United States,"July 13, 2025","These headphones did not disappoint! The sound is crisp, deep, and powerful—perfect for music, podcasts, or even calls. The bass hits just right without overpowering everything else. They’re super comfortable to wear, even for long periods, and the battery life is impressive. I love how easy they are to connect, and the design feels sleek and durable. Great quality for the price—JBL never misses when it comes to sound. One person found this",0
stars Great headphones with good quality sound and battery life,United States,"May 27, 2025","The JBL Tune 510BT headphones truly deliver on all fronts! From the moment I paired them with my phone, I was impressed by how quick and effortless the Bluetooth connection was — no lag, no fuss. Whether I’m switching between my Android phone and tablet or hopping on a call, the connection stays stable and smooth every time. The sound quality is where these really shine. Crisp highs, deep bass, and a well-balanced midrange make everything from podcasts to playlists sound amazing. JBL’s Pure Bass feature adds just the right punch without being overwhelming. Battery life is another huge win. I’ve been using these daily for work, workouts, and travel, and I easily get close to 40 hours on a full charge. Plus, the fast charging is a game-changer — just a few minutes of charge gives me hours of playback. They’re also lightweight and fold up nicely for travel or commuting, with a comfortable fit that doesn’t pinch or feel heavy after long use. Overall, these are an excellent value for the price — perfect for anyone who wants premium sound, reliable Bluetooth, and marathon battery life without breaking the bank. Highly recommended!",19
stars Good for calls and listening to music,United States,"July 28, 2025","Great sound and great for calls. I use them to workout, battery life has been good. Love the pink color, it's very soft. Connects easily to my phones. The only thing I dislike is that to skip a song you have to keep the volume buttons oressed, but overall, they're great headphones for the price.",0
stars Headphones are decent,United States,"July 24, 2025",They have a good enough build quality and feel to them. The sound is fine but could be better. Battery lasts a long time. Mic works great for calls. Only downside is they don't fit too comfortably on my head but for the price it's good value for your money.,0
ve ever had,United States,"July 20, 2025","These work so good, they connect very fast and the battery life is so long! These are easy to fold up and put in any bag, super comfortable, and the noise cancelation is chefs kiss. Setup is amazing",0
stars Good Quality BT Headphones,United States,"July 7, 2025","These are great headphones for the price. They connect to BT devices easily, and the earpieces are a comforting size. The sound quality is decent; you get what you pay for there. Mic quality seems to be good. I don't have trouble with conference calls. My only complaint is they do weigh on the peak of my head and that gets uncomfortable. Otherwise I love them they are great.",3
BT Bluetooth Headphones,United States,"July 5, 2025","If you're looking for a reliable, budget-friendly pair of Bluetooth headphones, the JBL 510BT is a solid choice that delivers great value for the price. Comfort & Fit The fit is surprisingly good, snug without being tight, and lightweight enough for long listening sessions. The ear cushions are soft, and the adjustable headband helps create a comfortable fit for different head sizes. Whether you're using them at the gym, on a walk, or during a workday, they stay put and feel comfortable. One of the standout features is the impressive battery life. JBL claims up to 40 hours, and it really delivers — you can go several days without needing a recharge. Pairing is quick and easy. The Bluetooth connection is stable, with no dropouts or lag. It connects seamlessly to both iOS and Android devices, remembers your device for auto-pairing after the first use, just turn them on and you're ready to go. For the price, the sound is very solid. Pros: Comfortable, secure fit Long battery life (up to 40 hours) Fast charging Easy Bluetooth connection Lightweight and foldable Great sound for the price Cons: No noise cancellation (but not expected at this price) Mostly plastic build (still feels sturdy) Overall The JBL 510BT is an excellent choice for anyone who wants reliable wireless headphones without breaking the bank. Whether you’re commuting, working out, or just enjoying music at home, these headphones get the job done. I highly recommend for casual listeners looking for comfort, battery life, and value.",22
stars must have,United States,"July 13, 2025","These headphones did not disappoint! The sound is crisp, deep, and powerful—perfect for music, podcasts, or even calls. The bass hits just right without overpowering everything else. They’re super comfortable to wear, even for long periods, and the battery life is impressive. I love how easy they are to connect, and the design feels sleek and durable. Great quality for the price—JBL never misses when it comes to sound. One person found this",0
stars Great headphones with good quality sound and battery life,United States,"May 27, 2025","The JBL Tune 510BT headphones truly deliver on all fronts! From the moment I paired them with my phone, I was impressed by how quick and effortless the Bluetooth connection was — no lag, no fuss. Whether I’m switching between my Android phone and tablet or hopping on a call, the connection stays stable and smooth every time. The sound quality is where these really shine. Crisp highs, deep bass, and a well-balanced midrange make everything from podcasts to playlists sound amazing. JBL’s Pure Bass feature adds just the right punch without being overwhelming. Battery life is another huge win. I’ve been using these daily for work, workouts, and travel, and I easily get close to 40 hours on a full charge. Plus, the fast charging is a game-changer — just a few minutes of charge gives me hours of playback. They’re also lightweight and fold up nicely for travel or commuting, with a comfortable fit that doesn’t pinch or feel heavy after long use. Overall, these are an excellent value for the price — perfect for anyone who wants premium sound, reliable Bluetooth, and marathon battery life without breaking the bank. Highly recommended!",19
stars Good for calls and listening to music,United States,"July 28, 2025","Great sound and great for calls. I use them to workout, battery life has been good. Love the pink color, it's very soft. Connects easily to my phones. The only thing I dislike is that to skip a song you have to keep the volume buttons oressed, but overall, they're great headphones for the price.",0
stars Headphones are decent,United States,"July 24, 2025",They have a good enough build quality and feel to them. The sound is fine but could be better. Battery lasts a long time. Mic works great for calls. Only downside is they don't fit too comfortably on my head but for the price it's good value for your money.,0
ve ever had,United States,"July 20, 2025","These work so good, they connect very fast and the battery life is so long! These are easy to fold up and put in any bag, super comfortable, and the noise cancelation is chefs kiss. Setup is amazing",0
stars Good Quality BT Headphones,United States,"July 7, 2025","These are great headphones for the price. They connect to BT devices easily, and the earpieces are a comforting size. The sound quality is decent; you get what you pay for there. Mic quality seems to be good. I don't have trouble with conference calls. My only complaint is they do weigh on the peak of my head and that gets uncomfortable. Otherwise I love them they are great.",3
BT Bluetooth Headphones,United States,"July 5, 2025","If you're looking for a reliable, budget-friendly pair of Bluetooth headphones, the JBL 510BT is a solid choice that delivers great value for the price. Comfort & Fit The fit is surprisingly good, snug without being tight, and lightweight enough for long listening sessions. The ear cushions are soft, and the adjustable headband helps create a comfortable fit for different head sizes. Whether you're using them at the gym, on a walk, or during a workday, they stay put and feel comfortable. One of the standout features is the impressive battery life. JBL claims up to 40 hours, and it really delivers — you can go several days without needing a recharge. Pairing is quick and easy. The Bluetooth connection is stable, with no dropouts or lag. It connects seamlessly to both iOS and Android devices, remembers your device for auto-pairing after the first use, just turn them on and you're ready to go. For the price, the sound is very solid. Pros: Comfortable, secure fit Long battery life (up to 40 hours) Fast charging Easy Bluetooth connection Lightweight and foldable Great sound for the price Cons: No noise cancellation (but not expected at this price) Mostly plastic build (still feels sturdy) Overall The JBL 510BT is an excellent choice for anyone who wants reliable wireless headphones without breaking the bank. Whether you’re commuting, working out, or just enjoying music at home, these headphones get the job done. I highly recommend for casual listeners looking for comfort, battery life, and value.",22
stars must have,United States,"July 13, 2025","These headphones did not disappoint! The sound is crisp, deep, and powerful—perfect for music, podcasts, or even calls. The bass hits just right without overpowering everything else. They’re super comfortable to wear, even for long periods, and the battery life is impressive. I love how easy they are to connect, and the design feels sleek and durable. Great quality for the price—JBL never misses when it comes to sound. One person found this",0
stars Great headphones with good quality sound and battery life,United States,"May 27, 2025","The JBL Tune 510BT headphones truly deliver on all fronts! From the moment I paired them with my phone, I was impressed by how quick and effortless the Bluetooth connection was — no lag, no fuss. Whether I’m switching between my Android phone and tablet or hopping on a call, the connection stays stable and smooth every time. The sound quality is where these really shine. Crisp highs, deep bass, and a well-balanced midrange make everything from podcasts to playlists sound amazing. JBL’s Pure Bass feature adds just the right punch without being overwhelming. Battery life is another huge win. I’ve been using these daily for work, workouts, and travel, and I easily get close to 40 hours on a full charge. Plus, the fast charging is a game-changer — just a few minutes of charge gives me hours of playback. They’re also lightweight and fold up nicely for travel or commuting, with a comfortable fit that doesn’t pinch or feel heavy after long use. Overall, these are an excellent value for the price — perfect for anyone who wants premium sound, reliable Bluetooth, and marathon battery life without breaking the bank. Highly recommended!",19
stars Good for calls and listening to music,United States,"July 28, 2025","Great sound and great for calls. I use them to workout, battery life has been good. Love the pink color, it's very soft. Connects easily to my phones. The only thing I dislike is that to skip a song you have to keep the volume buttons oressed, but overall, they're great headphones for the price.",0
stars Headphones are decent,United States,"July 24, 2025",They have a good enough build quality and feel to them. The sound is fine but could be better. Battery lasts a long time. Mic works great for calls. Only downside is they don't fit too comfortably on my head but for the price it's good value for your money.,0
ve ever had,United States,"July 20, 2025","These work so good, they connect very fast and the battery life is so long! These are easy to fold up and put in any bag, super comfortable, and the noise cancelation is chefs kiss. Setup is amazing",0
stars Good Quality BT Headphones,United States,"July 7, 2025","These are great headphones for the price. They connect to BT devices easily, and the earpieces are a comforting size. The sound quality is decent; you get what you pay for there. Mic quality seems to be good. I don't have trouble with conference calls. My only complaint is they do weigh on the peak of my head and that gets uncomfortable. Otherwise I love them they are great.",3
BT Bluetooth Headphones,United States,"July 5, 2025","If you're looking for a reliable, budget-friendly pair of Bluetooth headphones, the JBL 510BT is a solid choice that delivers great value for the price. Comfort & Fit The fit is surprisingly good, snug without being tight, and lightweight enough for long listening sessions. The ear cushions are soft, and the adjustable headband helps create a comfortable fit for different head sizes. Whether you're using them at the gym, on a walk, or during a workday, they stay put and feel comfortable. One of the standout features is the impressive battery life. JBL claims up to 40 hours, and it really delivers — you can go several days without needing a recharge. Pairing is quick and easy. The Bluetooth connection is stable, with no dropouts or lag. It connects seamlessly to both iOS and Android devices, remembers your device for auto-pairing after the first use, just turn them on and you're ready to go. For the price, the sound is very solid. Pros: Comfortable, secure fit Long battery life (up to 40 hours) Fast charging Easy Bluetooth connection Lightweight and foldable Great sound for the price Cons: No noise cancellation (but not expected at this price) Mostly plastic build (still feels sturdy) Overall The JBL 510BT is an excellent choice for anyone who wants reliable wireless headphones without breaking the bank. Whether you’re commuting, working out, or just enjoying music at home, these headphones get the job done. I highly recommend for casual listeners looking for comfort, battery life, and value.",22
stars must have,United States,"July 13, 2025","These headphones did not disappoint! The sound is crisp, deep, and powerful—perfect for music, podcasts, or even calls. The bass hits just right without overpowering everything else. They’re super comfortable to wear, even for long periods, and the battery life is impressive. I love how easy they are to connect, and the design feels sleek and durable. Great quality for the price—JBL never misses when it comes to sound. One person found this",0
stars Great headphones with good quality sound and battery life,United States,"May 27, 2025","The JBL Tune 510BT headphones truly deliver on all fronts! From the moment I paired them with my phone, I was impressed by how quick and effortless the Bluetooth connection was — no lag, no fuss. Whether I’m switching between my Android phone and tablet or hopping on a call, the connection stays stable and smooth every time. The sound quality is where these really shine. Crisp highs, deep bass, and a well-balanced midrange make everything from podcasts to playlists sound amazing. JBL’s Pure Bass feature adds just the right punch without being overwhelming. Battery life is another huge win. I’ve been using these daily for work, workouts, and travel, and I easily get close to 40 hours on a full charge. Plus, the fast charging is a game-changer — just a few minutes of charge gives me hours of playback. They’re also lightweight and fold up nicely for travel or commuting, with a comfortable fit that doesn’t pinch or feel heavy after long use. Overall, these are an excellent value for the price — perfect for anyone who wants premium sound, reliable Bluetooth, and marathon battery life without breaking the bank. Highly recommended!",19
stars Good for calls and listening to music,United States,"July 28, 2025","Great sound and great for calls. I use them to workout, battery life has been good. Love the pink color, it's very soft. Connects easily to my phones. The only thing I dislike is that to skip a song you have to keep the volume buttons oressed, but overall, they're great headphones for the price.",0
stars Headphones are decent,United States,"July 24, 2025",They have a good enough build quality and feel to them. The sound is fine but could be better. Battery lasts a long time. Mic works great for calls. Only downside is they don't fit too comfortably on my head but for the price it's good value for your money.,0
ve ever had,United States,"July 20, 2025","These work so good, they connect very fast and the battery life is so long! These are easy to fold up and put in any bag, super comfortable, and the noise cancelation is chefs kiss. Setup is amazing",0
stars Good Quality BT Headphones,United States,"July 7, 2025","These are great headphones for the price. They connect to BT devices easily, and the earpieces are a comforting size. The sound quality is decent; you get what you pay for there. Mic quality seems to be good. I don't have trouble with conference calls. My only complaint is they do weigh on the peak of my head and that gets uncomfortable. Otherwise I love them they are great.",3
BT Bluetooth Headphones,United States,"July 5, 2025","If you're looking for a reliable, budget-friendly pair of Bluetooth headphones, the JBL 510BT is a solid choice that delivers great value for the price. Comfort & Fit The fit is surprisingly good, snug without being tight, and lightweight enough for long listening sessions. The ear cushions are soft, and the adjustable headband helps create a comfortable fit for different head sizes. Whether you're using them at the gym, on a walk, or during a workday, they stay put and feel comfortable. One of the standout features is the impressive battery life. JBL claims up to 40 hours, and it really delivers — you can go several days without needing a recharge. Pairing is quick and easy. The Bluetooth connection is stable, with no dropouts or lag. It connects seamlessly to both iOS and Android devices, remembers your device for auto-pairing after the first use, just turn them on and you're ready to go. For the price, the sound is very solid. Pros: Comfortable, secure fit Long battery life (up to 40 hours) Fast charging Easy Bluetooth connection Lightweight and foldable Great sound for the price Cons: No noise cancellation (but not expected at this price) Mostly plastic build (still feels sturdy) Overall The JBL 510BT is an excellent choice for anyone who wants reliable wireless headphones without breaking the bank. Whether you’re commuting, working out, or just enjoying music at home, these headphones get the job done. I highly recommend for casual listeners looking for comfort, battery life, and value.",22
stars must have,United States,"July 13, 2025","These headphones did not disappoint! The sound is crisp, deep, and powerful—perfect for music, podcasts, or even calls. The bass hits just right without overpowering everything else. They’re super comfortable to wear, even for long periods, and the battery life is impressive. I love how easy they are to connect, and the design feels sleek and durable. Great quality for the price—JBL never misses when it comes to sound. One person found this",0
stars Great headphones with good quality sound and battery life,United States,"May 27, 2025","The JBL Tune 510BT headphones truly deliver on all fronts! From the moment I paired them with my phone, I was impressed by how quick and effortless the Bluetooth connection was — no lag, no fuss. Whether I’m switching between my Android phone and tablet or hopping on a call, the connection stays stable and smooth every time. The sound quality is where these really shine. Crisp highs, deep bass, and a well-balanced midrange make everything from podcasts to playlists sound amazing. JBL’s Pure Bass feature adds just the right punch without being overwhelming. Battery life is another huge win. I’ve been using these daily for work, workouts, and travel, and I easily get close to 40 hours on a full charge. Plus, the fast charging is a game-changer — just a few minutes of charge gives me hours of playback. They’re also lightweight and fold up nicely for travel or commuting, with a comfortable fit that doesn’t pinch or feel heavy after long use. Overall, these are an excellent value for the price — perfect for anyone who wants premium sound, reliable Bluetooth, and marathon battery life without breaking the bank. Highly recommended!",19
stars Good for calls and listening to music,United States,"July 28, 2025","Great sound and great for calls. I use them to workout, battery life has been good. Love the pink color, it's very soft. Connects easily to my phones. The only thing I dislike is that to skip a song you have to keep the volume buttons oressed, but overall, they're great headphones for the price.",0
stars Headphones are decent,United States,"July 24, 2025",They have a good enough build quality and feel to them. The sound is fine but could be better. Battery lasts a long time. Mic works great for calls. Only downside is they don't fit too comfortably on my head but for the price it's good value for your money.,0
ve ever had,United States,"July 20, 2025","These work so good, they connect very fast and the battery life is so long! These are easy to fold up and put in any bag, super comfortable, and the noise cancelation is chefs kiss. Setup is amazing",0
stars Good Quality BT Headphones,United States,"July 7, 2025","These are great headphones for the price. They connect to BT devices easily, and the earpieces are a comforting size. The sound quality is decent; you get what you pay for there. Mic quality seems to be good. I don't have trouble with conference calls. My only complaint is they do weigh on the peak of my head and that gets uncomfortable. Otherwise I love them they are great.",3
BT Bluetooth Headphones,United States,"July 5, 2025","If you're looking for a reliable, budget-friendly pair of Bluetooth headphones, the JBL 510BT is a solid choice that delivers great value for the price. Comfort & Fit The fit is surprisingly good, snug without being tight, and lightweight enough for long listening sessions. The ear cushions are soft, and the adjustable headband helps create a comfortable fit for different head sizes. Whether you're using them at the gym, on a walk, or during a workday, they stay put and feel comfortable. One of the standout features is the impressive battery life. JBL claims up to 40 hours, and it really delivers — you can go several days without needing a recharge. Pairing is quick and easy. The Bluetooth connection is stable, with no dropouts or lag. It connects seamlessly to both iOS and Android devices, remembers your device for auto-pairing after the first use, just turn them on and you're ready to go. For the price, the sound is very solid. Pros: Comfortable, secure fit Long battery life (up to 40 hours) Fast charging Easy Bluetooth connection Lightweight and foldable Great sound for the price Cons: No noise cancellation (but not expected at this price) Mostly plastic build (still feels sturdy) Overall The JBL 510BT is an excellent choice for anyone who wants reliable wireless headphones without breaking the bank. Whether you’re commuting, working out, or just enjoying music at home, these headphones get the job done. I highly recommend for casual listeners looking for comfort, battery life, and value.",22
stars must have,United States,"July 13, 2025","These headphones did not disappoint! The sound is crisp, deep, and powerful—perfect for music, podcasts, or even calls. The bass hits just right without overpowering everything else. They’re super comfortable to wear, even for long periods, and the battery life is impressive. I love how easy they are to connect, and the design feels sleek and durable. Great quality for the price—JBL never misses when it comes to sound. One person found this",0
stars Great headphones with good quality sound and battery life,United States,"May 27, 2025","The JBL Tune 510BT headphones truly deliver on all fronts! From the moment I paired them with my phone, I was impressed by how quick and effortless the Bluetooth connection was — no lag, no fuss. Whether I’m switching between my Android phone and tablet or hopping on a call, the connection stays stable and smooth every time. The sound quality is where these really shine. Crisp highs, deep bass, and a well-balanced midrange make everything from podcasts to playlists sound amazing. JBL’s Pure Bass feature adds just the right punch without being overwhelming. Battery life is another huge win. I’ve been using these daily for work, workouts, and travel, and I easily get close to 40 hours on a full charge. Plus, the fast charging is a game-changer — just a few minutes of charge gives me hours of playback. They’re also lightweight and fold up nicely for travel or commuting, with a comfortable fit that doesn’t pinch or feel heavy after long use. Overall, these are an excellent value for the price — perfect for anyone who wants premium sound, reliable Bluetooth, and marathon battery life without breaking the bank. Highly recommended!",19
stars Good for calls and listening to music,United States,"July 28, 2025","Great sound and great for calls. I use them to workout, battery life has been good. Love the pink color, it's very soft. Connects easily to my phones. The only thing I dislike is that to skip a song you have to keep the volume buttons oressed, but overall, they're great headphones for the price.",0
stars Headphones are decent,United States,"July 24, 2025",They have a good enough build quality and feel to them. The sound is fine but could be better. Battery lasts a long time. Mic works great for calls. Only downside is they don't fit too comfortably on my head but for the price it's good value for your money.,0
ve ever had,United States,"July 20, 2025","These work so good, they connect very fast and the battery life is so long! These are easy to fold up and put in any bag, super comfortable, and the noise cancelation is chefs kiss. Setup is amazing",0
stars Good Quality BT Headphones,United States,"July 7, 2025","These are great headphones for the price. They connect to BT devices easily, and the earpieces are a comforting size. The sound quality is decent; you get what you pay for there. Mic quality seems to be good. I don't have trouble with conference calls. My only complaint is they do weigh on the peak of my head and that gets uncomfortable. Otherwise I love them they are great.",3
BT Bluetooth Headphones,United States,"July 5, 2025","If you're looking for a reliable, budget-friendly pair of Bluetooth headphones, the JBL 510BT is a solid choice that delivers great value for the price. Comfort & Fit The fit is surprisingly good, snug without being tight, and lightweight enough for long listening sessions. The ear cushions are soft, and the adjustable headband helps create a comfortable fit for different head sizes. Whether you're using them at the gym, on a walk, or during a workday, they stay put and feel comfortable. One of the standout features is the impressive battery life. JBL claims up to 40 hours, and it really delivers — you can go several days without needing a recharge. Pairing is quick and easy. The Bluetooth connection is stable, with no dropouts or lag. It connects seamlessly to both iOS and Android devices, remembers your device for auto-pairing after the first use, just turn them on and you're ready to go. For the price, the sound is very solid. Pros: Comfortable, secure fit Long battery life (up to 40 hours) Fast charging Easy Bluetooth connection Lightweight and foldable Great sound for the price Cons: No noise cancellation (but not expected at this price) Mostly plastic build (still feels sturdy) Overall The JBL 510BT is an excellent choice for anyone who wants reliable wireless headphones without breaking the bank. Whether you’re commuting, working out, or just enjoying music at home, these headphones get the job done. I highly recommend for casual listeners looking for comfort, battery life, and value.",22
stars must have,United States,"July 13, 2025","These headphones did not disappoint! The sound is crisp, deep, and powerful—perfect for music, podcasts, or even calls. The bass hits just right without overpowering everything else. They’re super comfortable to wear, even for long periods, and the battery life is impressive. I love how easy they are to connect, and the design feels sleek and durable. Great quality for the price—JBL never misses when it comes to sound. One person found this",0
