asin,snapshot_ts,total_reviews,title,price,bsr,category_path,rating,review_count,captured_at,new_reviews,pages_visited,stopped_reason
B0D4R5WVVR,20251007_110042,100,,,,Wireless Headphones,,,2025-10-07T14:14:00,,,
B08J9MVB6W,20251007_110042,3292,,,,Wireless Headphones,,,2025-10-07T14:14:00,,,
B0DLKB5V35,20251007_110042,91036,,,,Wireless Headphones,,,2025-10-07T14:14:00,,,
B0CT9SBWC9,20251007_110042,1090,,,,Wireless Headphones,,,2025-10-07T14:14:00,,,
B085899TQ9,20251007_110042,3970,,,,Wireless Headphones,,,2025-10-07T14:14:00,,,
B0CQXR6GCF,20251007_110042,16,,,,Wireless Headphones,,,2025-10-07T14:14:00,,,
B0C3HCD34R,20251007_110042,38734,,,,Wireless Headphones,,,2025-10-07T14:14:00,,,
B0BVM1PSYN,20251007_110042,1249,,,,Wireless Headphones,,,2025-10-07T14:14:00,,,
B0B6131LBN,20251007_110042,307,,,,Wireless Headphones,,,2025-10-07T14:14:00,,,
B0DJW5G283,20251007_110042,1388,,,,Wireless Headphones,,,2025-10-07T14:14:00,,,
B0BS1QCFHX,20251007_110042,12421,,,,Wireless Headphones,,,2025-10-07T14:14:00,,,
B08HMWZBXC,20251007_110042,87225,,,,Wireless Headphones,,,2025-10-07T14:14:00,,,
B0BVRJXH27,20251007_110042,1927,,,,Wireless Headphones,,,2025-10-07T14:14:00,,,
B0CS8H4124,20251007_110042,8006,,,,Wireless Headphones,,,2025-10-07T14:14:00,,,
B0DP8WJ5BN,20251007_110042,29,,,,Wireless Headphones,,,2025-10-07T14:14:00,,,
B0C6KFZC9Z,20251007_110042,10897,,,,Wireless Headphones,,,2025-10-07T14:14:00,,,
B00NG57H4S,20251007_110042,11824,,,,Wireless Headphones,,,2025-10-07T14:14:00,,,
B0CRTYZG5C,20251007_110042,14291,,,,Wireless Headphones,,,2025-10-07T14:14:00,,,
B0D4Z9C562,20251007_110042,13837,,,,Wireless Headphones,,,2025-10-07T14:14:00,,,
B0CBLKS51N,20251007_110042,11159,,,,Wireless Headphones,,,2025-10-07T14:14:00,,,
B07RFNZYJZ,20251007_110042,9733,,,,Wireless Headphones,,,2025-10-07T14:14:00,,,
B0BH4KKZB4,20251007_110042,1507,,,,Wireless Headphones,,,2025-10-07T14:14:00,,,
B0CVX9YTDL,20251007_110042,89,,,,Wireless Headphones,,,2025-10-07T14:14:00,,,
B0D4R5WVVR,20251007_125925,100,,$17.59,7557.0,Wireless Headphones,,4.0,2025-10-07T15:59:45,,,
B0D4R5WVVR,20251009_151615,100,,$21.99,8517.0,Wireless Headphones,,4.0,2025-10-09T18:19:29,0.0,1.0,no_new_on_page
B08J9MVB6W,20251009_151615,3297,,$199.95,1084.0,Wireless Headphones,,4.0,2025-10-09T18:19:29,1.0,2.0,no_new_on_page
B0DLKB5V35,20251009_151615,91123,,$8.99,70.0,Wireless Headphones,,4.0,2025-10-09T18:19:29,31.0,5.0,no_new_on_page
B0CT9SBWC9,20251009_151615,1100,,$9.97,600.0,Wireless Headphones,,4.0,2025-10-09T18:19:29,0.0,1.0,no_new_on_page
B085899TQ9,20251009_151615,3973,,$19.99,1088.0,Wireless Headphones,,4.0,2025-10-09T18:19:29,0.0,1.0,no_new_on_page
B0CQXR6GCF,20251009_151615,16,,$24.98,40991.0,Wireless Headphones,,4.0,2025-10-09T18:19:29,0.0,1.0,no_new_on_page
B0C3HCD34R,20251009_151615,38965,,$16.30,68.0,Wireless Headphones,,4.0,2025-10-09T18:19:29,13.0,3.0,no_new_on_page
B0BVM1PSYN,20251009_151615,1422,,$15.60,5235.0,Wireless Headphones,,4.0,2025-10-09T18:19:29,41.0,6.0,no_new_on_page
B0B6131LBN,20251009_151615,309,,$14.95,31593.0,Wireless Headphones,,4.0,2025-10-09T18:19:29,0.0,1.0,no_new_on_page
B0DJW5G283,20251009_151615,1404,,$29.90,17729.0,Wireless Headphones,,4.0,2025-10-09T18:19:29,0.0,1.0,no_new_on_page
B0BS1QCFHX,20251009_151615,12453,,$16.30,155.0,Wireless Headphones,,4.0,2025-10-09T18:19:29,4.0,2.0,no_new_on_page
B08HMWZBXC,20251009_151615,87312,,$9.97,298.0,Wireless Headphones,,4.0,2025-10-09T18:19:29,5.0,2.0,no_new_on_page
B0BVRJXH27,20251009_151615,1934,,$2999,3428.0,Wireless Headphones,,4.0,2025-10-09T18:19:29,1.0,2.0,no_new_on_page
B0CS8H4124,20251009_151615,8037,,$2999,262.0,Wireless Headphones,,4.0,2025-10-09T18:19:29,4.0,3.0,no_new_on_page
B0DP8WJ5BN,20251009_151615,29,,$31.99,59844.0,Wireless Headphones,,4.0,2025-10-09T18:19:29,0.0,1.0,no_new_on_page
B0C6KFZC9Z,20251009_151615,10950,,$2999,212.0,Wireless Headphones,,4.0,2025-10-09T18:19:29,4.0,2.0,no_new_on_page
B00NG57H4S,20251009_151615,11830,,$48.00,95.0,Wireless Headphones,,4.0,2025-10-09T18:19:29,0.0,1.0,no_new_on_page
B0CRTYZG5C,20251009_151615,14458,,$15.60,33.0,Wireless Headphones,,4.0,2025-10-09T18:19:29,20.0,4.0,no_new_on_page
B0D4Z9C562,20251009_151615,13878,,$2999,24.0,Wireless Headphones,,4.0,2025-10-09T18:19:29,7.0,2.0,no_new_on_page
B0CBLKS51N,20251009_151615,1784,,$24.98,7079.0,Wireless Headphones,,4.0,2025-10-09T18:19:29,1.0,2.0,no_new_on_page
B07RFNZYJZ,20251009_151615,5,,$239.95,366.0,Wireless Headphones,,4.0,2025-10-09T18:19:29,0.0,1.0,no_new_on_page
B0BH4KKZB4,20251009_151615,1519,,$24.99,232.0,Wireless Headphones,,4.0,2025-10-09T18:19:29,2.0,2.0,no_new_on_page
B0CVX9YTDL,20251009_151615,91,,$27.54,46055.0,Wireless Headphones,,4.0,2025-10-09T18:19:29,0.0,1.0,no_new_on_page
B0D4R5WVVR,20251009_161606,100,,$21.99,8517.0,Wireless Headphones,,4.0,2025-10-09T19:19:06,0.0,1.0,no_new_on_page
B08J9MVB6W,20251009_161606,3297,,$199.95,1085.0,Wireless Headphones,,4.0,2025-10-09T19:19:06,0.0,1.0,no_new_on_page
B0DLKB5V35,20251009_161606,91124,,$16.30,70.0,Wireless Headphones,,4.0,2025-10-09T19:19:06,1.0,2.0,no_new_on_page
B0CT9SBWC9,20251009_161606,1100,,$8.99,600.0,Wireless Headphones,,4.0,2025-10-09T19:19:06,0.0,1.0,no_new_on_page
B085899TQ9,20251009_161606,3973,,$19.99,1089.0,Wireless Headphones,,4.0,2025-10-09T19:19:06,0.0,1.0,no_new_on_page
B0CQXR6GCF,20251009_161606,16,,$24.98,40991.0,Wireless Headphones,,4.0,2025-10-09T19:19:06,0.0,1.0,no_new_on_page
B0C3HCD34R,20251009_161606,38965,,$8.99,68.0,Wireless Headphones,,4.0,2025-10-09T19:19:06,0.0,1.0,no_new_on_page
B0BVM1PSYN,20251009_161606,1422,,$15.60,5234.0,Wireless Headphones,,4.0,2025-10-09T19:19:06,0.0,1.0,no_new_on_page
B0B6131LBN,20251009_161606,309,,$14.95,31593.0,Wireless Headphones,,4.0,2025-10-09T19:19:06,0.0,1.0,no_new_on_page
B0DJW5G283,20251009_161606,1404,,$9.97,17729.0,Wireless Headphones,,4.0,2025-10-09T19:19:06,0.0,1.0,no_new_on_page
B0BS1QCFHX,20251009_161606,12454,,$17.99,155.0,Wireless Headphones,,4.0,2025-10-09T19:19:06,1.0,2.0,no_new_on_page
B08HMWZBXC,20251009_161606,87313,,$9.97,298.0,Wireless Headphones,,4.0,2025-10-09T19:19:06,0.0,1.0,no_new_on_page
B0BVRJXH27,20251009_161606,1934,,$2999,3427.0,Wireless Headphones,,4.0,2025-10-09T19:19:06,0.0,1.0,no_new_on_page
B0CS8H4124,20251009_161606,8037,,$9.97,262.0,Wireless Headphones,,4.0,2025-10-09T19:19:06,0.0,1.0,no_new_on_page
B0DP8WJ5BN,20251009_161606,29,,$31.99,59844.0,Wireless Headphones,,4.0,2025-10-09T19:19:06,0.0,1.0,no_new_on_page
B0C6KFZC9Z,20251009_161606,10950,,$8.99,212.0,Wireless Headphones,,4.0,2025-10-09T19:19:06,0.0,1.0,no_new_on_page
B00NG57H4S,20251009_161606,11830,,$48.00,95.0,Wireless Headphones,,4.0,2025-10-09T19:19:06,0.0,1.0,no_new_on_page
B0CRTYZG5C,20251009_161606,14459,,$8.99,33.0,Wireless Headphones,,4.0,2025-10-09T19:19:06,0.0,1.0,no_new_on_page
B0D4Z9C562,20251009_161606,13879,,$2999,24.0,Wireless Headphones,,4.0,2025-10-09T19:19:06,0.0,1.0,no_new_on_page
B0CBLKS51N,20251009_161606,1784,,$2999,7079.0,Wireless Headphones,,4.0,2025-10-09T19:19:06,0.0,1.0,no_new_on_page
B07RFNZYJZ,20251009_161606,9732,,$99.95,366.0,Wireless Headphones,,4.0,2025-10-09T19:19:06,0.0,1.0,no_new_on_page
B0BH4KKZB4,20251009_161606,1519,,$24.99,232.0,Wireless Headphones,,4.0,2025-10-09T19:19:06,0.0,1.0,no_new_on_page
B0CVX9YTDL,20251009_161606,91,,$27.54,46062.0,Wireless Headphones,,4.0,2025-10-09T19:19:06,0.0,1.0,no_new_on_page
B0D4R5WVVR,20251009_210559,100,,$21.99,8520.0,Wireless Headphones,,4.0,2025-10-10T00:09:39,0.0,1.0,no_new_on_page
B08J9MVB6W,20251009_210559,3297,,$199.95,1083.0,Wireless Headphones,,4.0,2025-10-10T00:09:39,0.0,1.0,no_new_on_page
B0DLKB5V35,20251009_210559,91127,,$9.97,70.0,Wireless Headphones,,4.0,2025-10-10T00:09:39,2.0,2.0,no_new_on_page
B0CT9SBWC9,20251009_210559,1100,,$24.98,599.0,Wireless Headphones,,4.0,2025-10-10T00:09:39,0.0,1.0,no_new_on_page
B085899TQ9,20251009_210559,3973,,$19.99,1087.0,Wireless Headphones,,4.0,2025-10-10T00:09:39,0.0,1.0,no_new_on_page
B0CQXR6GCF,20251009_210559,16,,$24.98,40978.0,Wireless Headphones,,4.0,2025-10-10T00:09:39,0.0,1.0,no_new_on_page
B0C3HCD34R,20251009_210559,38970,,$29.90,68.0,Wireless Headphones,,4.0,2025-10-10T00:09:39,1.0,2.0,no_new_on_page
B0BVM1PSYN,20251009_210559,1424,,$16.30,1581.0,Wireless Headphones,,4.0,2025-10-10T00:09:39,0.0,1.0,no_new_on_page
B0B6131LBN,20251009_210559,309,,$14.95,31591.0,Wireless Headphones,,4.0,2025-10-10T00:09:39,0.0,1.0,no_new_on_page
B0DJW5G283,20251009_210559,1404,,$15.60,17741.0,Wireless Headphones,,4.0,2025-10-10T00:09:39,0.0,1.0,no_new_on_page
B0BS1QCFHX,20251009_210559,12456,,$29.90,155.0,Wireless Headphones,,4.0,2025-10-10T00:09:39,0.0,1.0,no_new_on_page
B08HMWZBXC,20251009_210559,87315,,$4900,298.0,Wireless Headphones,,4.0,2025-10-10T00:09:39,0.0,1.0,no_new_on_page
B0BVRJXH27,20251009_210559,1934,,$2999,3429.0,Wireless Headphones,,4.0,2025-10-10T00:09:39,0.0,1.0,no_new_on_page
B0CS8H4124,20251009_210559,8039,,$2999,262.0,Wireless Headphones,,4.0,2025-10-10T00:09:39,0.0,1.0,no_new_on_page
B0DP8WJ5BN,20251009_210559,29,,$31.99,59830.0,Wireless Headphones,,4.0,2025-10-10T00:09:39,0.0,1.0,no_new_on_page
B0C6KFZC9Z,20251009_210559,231,,$15.60,212.0,Wireless Headphones,,4.0,2025-10-10T00:09:39,0.0,1.0,no_new_on_page
B00NG57H4S,20251009_210559,11830,,$48.00,95.0,Wireless Headphones,,4.0,2025-10-10T00:09:39,0.0,1.0,no_new_on_page
B0CRTYZG5C,20251009_210559,14465,,$29.90,33.0,Wireless Headphones,,4.0,2025-10-10T00:09:39,1.0,2.0,no_new_on_page
B0D4Z9C562,20251009_210559,59,,$2999,24.0,Wireless Headphones,,4.0,2025-10-10T00:09:39,1.0,2.0,no_new_on_page
B0CBLKS51N,20251009_210559,61559,,$2999,7082.0,Wireless Headphones,,4.0,2025-10-10T00:09:39,0.0,1.0,no_new_on_page
B07RFNZYJZ,20251009_210559,9732,,$99.95,366.0,Wireless Headphones,,4.0,2025-10-10T00:09:39,0.0,1.0,no_new_on_page
B0BH4KKZB4,20251009_210559,1519,,$24.99,232.0,Wireless Headphones,,4.0,2025-10-10T00:09:39,0.0,1.0,no_new_on_page
B0CVX9YTDL,20251009_210559,91,,$27.54,46036.0,Wireless Headphones,,4.0,2025-10-10T00:09:39,0.0,1.0,no_new_on_page
B0D4R5WVVR,20251010_021715,100,,$21.99,8435.0,Wireless Headphones,,4.0,2025-10-10T05:20:42,0.0,1.0,no_new_on_page
B08J9MVB6W,20251010_021715,3297,,$199.95,903.0,Wireless Headphones,,4.0,2025-10-10T05:20:42,0.0,1.0,no_new_on_page
B0DLKB5V35,20251010_021715,91128,,$29.90,74.0,Wireless Headphones,,4.0,2025-10-10T05:20:42,2.0,3.0,no_new_on_page
B0CT9SBWC9,20251010_021715,1100,,$9.97,353.0,Wireless Headphones,,4.0,2025-10-10T05:20:42,0.0,1.0,no_new_on_page
B085899TQ9,20251010_021715,3973,,$19.99,1087.0,Wireless Headphones,,4.0,2025-10-10T05:20:42,0.0,1.0,no_new_on_page
B0CQXR6GCF,20251010_021715,16,,$24.98,40995.0,Wireless Headphones,,4.0,2025-10-10T05:20:42,0.0,1.0,no_new_on_page
B0C3HCD34R,20251010_021715,174,,$42.50,63.0,Wireless Headphones,,4.0,2025-10-10T05:20:42,0.0,1.0,no_new_on_page
B0BVM1PSYN,20251010_021715,1424,,$16.30,1708.0,Wireless Headphones,,4.0,2025-10-10T05:20:42,0.0,1.0,no_new_on_page
B0B6131LBN,20251010_021715,309,,$14.95,41537.0,Wireless Headphones,,4.0,2025-10-10T05:20:42,0.0,1.0,no_new_on_page
B0DJW5G283,20251010_021715,1404,,$9.99,21458.0,Wireless Headphones,,4.0,2025-10-10T05:20:42,0.0,1.0,no_new_on_page
B0BS1QCFHX,20251010_021715,12458,,$29.90,146.0,Wireless Headphones,,4.0,2025-10-10T05:20:42,0.0,1.0,no_new_on_page
B08HMWZBXC,20251010_021715,87322,,$15.60,282.0,Wireless Headphones,,4.0,2025-10-10T05:20:42,0.0,1.0,no_new_on_page
B0BVRJXH27,20251010_021715,1934,,$2999,3559.0,Wireless Headphones,,4.0,2025-10-10T05:20:42,0.0,1.0,no_new_on_page
B0CS8H4124,20251010_021715,8039,,$2999,314.0,Wireless Headphones,,4.0,2025-10-10T05:20:42,0.0,1.0,no_new_on_page
B0DP8WJ5BN,20251010_021715,29,,$31.99,82992.0,Wireless Headphones,,4.0,2025-10-10T05:20:42,0.0,1.0,no_new_on_page
B0C6KFZC9Z,20251010_021715,10952,,$9.97,205.0,Wireless Headphones,,4.0,2025-10-10T05:20:42,1.0,2.0,no_new_on_page
B00NG57H4S,20251010_021715,11830,,$48.00,95.0,Wireless Headphones,,4.0,2025-10-10T05:20:42,0.0,1.0,no_new_on_page
B0CRTYZG5C,20251010_021715,14468,,$8.99,24.0,Wireless Headphones,,4.0,2025-10-10T05:20:42,5.0,3.0,no_new_on_page
B0D4Z9C562,20251010_021715,13883,,$2999,21.0,Wireless Headphones,,4.0,2025-10-10T05:20:42,0.0,1.0,no_new_on_page
B0CBLKS51N,20251010_021715,1784,,$2999,7082.0,Wireless Headphones,,4.0,2025-10-10T05:20:42,0.0,1.0,no_new_on_page
B07RFNZYJZ,20251010_021715,9732,,$99.95,441.0,Wireless Headphones,,4.0,2025-10-10T05:20:42,0.0,1.0,no_new_on_page
B0BH4KKZB4,20251010_021715,1519,,$24.99,223.0,Wireless Headphones,,4.0,2025-10-10T05:20:42,0.0,1.0,no_new_on_page
B0CVX9YTDL,20251010_021715,91,,$27.54,54027.0,Wireless Headphones,,4.0,2025-10-10T05:20:42,0.0,1.0,no_new_on_page
B0D4R5WVVR,20251010_071641,100,,$21.99,8437.0,Wireless Headphones,,4.0,2025-10-10T10:20:01,0.0,1.0,no_new_on_page
B08J9MVB6W,20251010_071641,3297,,$199.95,950.0,Wireless Headphones,,4.0,2025-10-10T10:20:01,0.0,1.0,no_new_on_page
B0DLKB5V35,20251010_071641,91128,,$15.60,73.0,Wireless Headphones,,4.0,2025-10-10T10:20:01,0.0,1.0,no_new_on_page
B0CT9SBWC9,20251010_071641,1100,,$16.30,373.0,Wireless Headphones,,4.0,2025-10-10T10:20:01,0.0,1.0,no_new_on_page
B085899TQ9,20251010_071641,3973,,$19.99,1369.0,Wireless Headphones,,4.0,2025-10-10T10:20:01,0.0,1.0,no_new_on_page
B0CQXR6GCF,20251010_071641,16,,$24.98,37847.0,Wireless Headphones,,4.0,2025-10-10T10:20:01,0.0,1.0,no_new_on_page
B0C3HCD34R,20251010_071641,38983,,$29.90,64.0,Wireless Headphones,,4.0,2025-10-10T10:20:01,4.0,2.0,no_new_on_page
B0BVM1PSYN,20251010_071641,1424,,$2597,1712.0,Wireless Headphones,,4.0,2025-10-10T10:20:01,1.0,2.0,no_new_on_page
B0B6131LBN,20251010_071641,309,,$14.95,41551.0,Wireless Headphones,,4.0,2025-10-10T10:20:01,0.0,1.0,no_new_on_page
B0DJW5G283,20251010_071641,1404,,$9.97,21459.0,Wireless Headphones,,4.0,2025-10-10T10:20:01,0.0,1.0,no_new_on_page
B0BS1QCFHX,20251010_071641,12458,,$15.60,146.0,Wireless Headphones,,4.0,2025-10-10T10:20:01,2.0,2.0,no_new_on_page
B08HMWZBXC,20251010_071641,87322,,$42.50,282.0,Wireless Headphones,,4.0,2025-10-10T10:20:01,0.0,1.0,no_new_on_page
B0BVRJXH27,20251010_071641,1934,,$2999,3487.0,Wireless Headphones,,4.0,2025-10-10T10:20:01,0.0,1.0,no_new_on_page
B0CS8H4124,20251010_071641,8040,,$42.50,314.0,Wireless Headphones,,4.0,2025-10-10T10:20:01,1.0,2.0,no_new_on_page
B0DP8WJ5BN,20251010_071641,62,,$31.99,79218.0,Wireless Headphones,,4.0,2025-10-10T10:20:01,0.0,1.0,no_new_on_page
B0C6KFZC9Z,20251010_071641,10953,,$16.30,206.0,Wireless Headphones,,4.0,2025-10-10T10:20:01,1.0,2.0,no_new_on_page
B00NG57H4S,20251010_071641,11830,,$48.00,93.0,Wireless Headphones,,4.0,2025-10-10T10:20:01,0.0,1.0,no_new_on_page
B0CRTYZG5C,20251010_071641,14474,,$2999,24.0,Wireless Headphones,,4.0,2025-10-10T10:20:01,3.0,2.0,no_new_on_page
B0D4Z9C562,20251010_071641,13884,,$2999,21.0,Wireless Headphones,,4.0,2025-10-10T10:20:01,2.0,2.0,no_new_on_page
B0CBLKS51N,20251010_071641,1784,,$2999,8423.0,Wireless Headphones,,4.0,2025-10-10T10:20:01,0.0,1.0,no_new_on_page
B07RFNZYJZ,20251010_071641,9732,,$99.95,442.0,Wireless Headphones,,4.0,2025-10-10T10:20:01,0.0,1.0,no_new_on_page
B0BH4KKZB4,20251010_071641,1520,,$24.99,224.0,Wireless Headphones,,4.0,2025-10-10T10:20:01,1.0,2.0,no_new_on_page
B0CVX9YTDL,20251010_071641,91,,$27.54,50376.0,Wireless Headphones,,4.0,2025-10-10T10:20:01,0.0,1.0,no_new_on_page
B0D4R5WVVR,20251010_121745,100,,$21.99,8354.0,Wireless Headphones,,4.0,2025-10-10T15:21:02,0.0,1.0,no_new_on_page
B08J9MVB6W,20251010_121745,3297,,$199.95,950.0,Wireless Headphones,,4.0,2025-10-10T15:21:02,0.0,1.0,no_new_on_page
B0DLKB5V35,20251010_121745,91129,,$4319,73.0,Wireless Headphones,,4.0,2025-10-10T15:21:02,0.0,1.0,no_new_on_page
B0CT9SBWC9,20251010_121745,1101,,$8.99,373.0,Wireless Headphones,,4.0,2025-10-10T15:21:02,1.0,2.0,no_new_on_page
B085899TQ9,20251010_121745,3973,,$19.99,1309.0,Wireless Headphones,,4.0,2025-10-10T15:21:02,1.0,2.0,no_new_on_page
B0CQXR6GCF,20251010_121745,16,,$24.98,37831.0,Wireless Headphones,,4.0,2025-10-10T15:21:02,0.0,1.0,no_new_on_page
B0C3HCD34R,20251010_121745,39026,,$29.90,64.0,Wireless Headphones,,4.0,2025-10-10T15:21:02,2.0,2.0,no_new_on_page
B0BVM1PSYN,20251010_121745,1427,,$8.99,1710.0,Wireless Headphones,,4.0,2025-10-10T15:21:02,0.0,1.0,no_new_on_page
B0B6131LBN,20251010_121745,309,,$14.95,39983.0,Wireless Headphones,,4.0,2025-10-10T15:21:02,0.0,1.0,no_new_on_page
B0DJW5G283,20251010_121745,1404,,$79.99,19319.0,Wireless Headphones,,4.0,2025-10-10T15:21:02,0.0,1.0,no_new_on_page
B0BS1QCFHX,20251010_121745,12467,,$9.97,148.0,Wireless Headphones,,4.0,2025-10-10T15:21:02,0.0,1.0,no_new_on_page
B08HMWZBXC,20251010_121745,87336,,$15.60,288.0,Wireless Headphones,,4.0,2025-10-10T15:21:02,0.0,1.0,no_new_on_page
B0BVRJXH27,20251010_121745,1935,,$2999,3483.0,Wireless Headphones,,4.0,2025-10-10T15:21:02,0.0,1.0,no_new_on_page
B0CS8H4124,20251010_121745,8051,,$8.49,302.0,Wireless Headphones,,4.0,2025-10-10T15:21:02,1.0,2.0,no_new_on_page
B0DP8WJ5BN,20251010_121745,29,,$31.99,79182.0,Wireless Headphones,,4.0,2025-10-10T15:21:02,0.0,1.0,no_new_on_page
B0C6KFZC9Z,20251010_121745,10962,,$2999,206.0,Wireless Headphones,,4.0,2025-10-10T15:21:02,1.0,2.0,no_new_on_page
B00NG57H4S,20251010_121745,11830,,$48.00,95.0,Wireless Headphones,,4.0,2025-10-10T15:21:02,0.0,1.0,no_new_on_page
B0CRTYZG5C,20251010_121745,14503,,$2999,24.0,Wireless Headphones,,4.0,2025-10-10T15:21:02,6.0,2.0,no_new_on_page
B0D4Z9C562,20251010_121745,13896,,$2999,21.0,Wireless Headphones,,4.0,2025-10-10T15:21:02,1.0,2.0,no_new_on_page
B0CBLKS51N,20251010_121745,1786,,$2999,8418.0,Wireless Headphones,,4.0,2025-10-10T15:21:02,0.0,1.0,no_new_on_page
B07RFNZYJZ,20251010_121745,9732,,$99.95,465.0,Wireless Headphones,,4.0,2025-10-10T15:21:02,0.0,1.0,no_new_on_page
B0BH4KKZB4,20251010_121745,1520,,$24.99,224.0,Wireless Headphones,,4.0,2025-10-10T15:21:02,0.0,1.0,no_new_on_page
B0CVX9YTDL,20251010_121745,91,,$27.54,50372.0,Wireless Headphones,,4.0,2025-10-10T15:21:02,0.0,1.0,no_new_on_page
B0D4R5WVVR,20251010_171830,100,,$21.99,8358.0,Wireless Headphones,,4.0,2025-10-10T20:21:54,0.0,1.0,no_new_on_page
B08J9MVB6W,20251010_171830,3297,,$199.95,951.0,Wireless Headphones,,4.0,2025-10-10T20:21:54,0.0,1.0,no_new_on_page
B0DLKB5V35,20251010_171830,91143,,$16.30,73.0,Wireless Headphones,,4.0,2025-10-10T20:21:54,4.0,3.0,no_new_on_page
B0CT9SBWC9,20251010_171830,1101,,$8.99,373.0,Wireless Headphones,,4.0,2025-10-10T20:21:54,0.0,1.0,no_new_on_page
B085899TQ9,20251010_171830,3977,,$19.99,1309.0,Wireless Headphones,,4.0,2025-10-10T20:21:54,0.0,1.0,no_new_on_page
B0CQXR6GCF,20251010_171830,16,,$24.98,37883.0,Wireless Headphones,,4.0,2025-10-10T20:21:54,0.0,1.0,no_new_on_page
B0C3HCD34R,20251010_171830,39054,,$29.90,64.0,Wireless Headphones,,4.0,2025-10-10T20:21:54,2.0,2.0,no_new_on_page
B0BVM1PSYN,20251010_171830,1428,,$2597,1707.0,Wireless Headphones,,4.0,2025-10-10T20:21:54,0.0,1.0,no_new_on_page
B0B6131LBN,20251010_171830,310,,$14.95,40043.0,Wireless Headphones,,4.0,2025-10-10T20:21:54,0.0,1.0,no_new_on_page
B0DJW5G283,20251010_171830,1405,,$42.50,19319.0,Wireless Headphones,,4.0,2025-10-10T20:21:54,0.0,1.0,no_new_on_page
B0BS1QCFHX,20251010_171830,12469,,$16.30,148.0,Wireless Headphones,,4.0,2025-10-10T20:21:54,0.0,1.0,no_new_on_page
B08HMWZBXC,20251010_171830,87344,,$8.99,287.0,Wireless Headphones,,4.0,2025-10-10T20:21:54,1.0,2.0,no_new_on_page
B0BVRJXH27,20251010_171830,1935,,$28.49,3476.0,Wireless Headphones,,4.0,2025-10-10T20:21:54,0.0,1.0,no_new_on_page
B0CS8H4124,20251010_171830,8053,,$16.30,301.0,Wireless Headphones,,4.0,2025-10-10T20:21:54,2.0,2.0,no_new_on_page
B0DP8WJ5BN,20251010_171830,29,,$31.99,79366.0,Wireless Headphones,,4.0,2025-10-10T20:21:54,0.0,1.0,no_new_on_page
B0C6KFZC9Z,20251010_171830,10967,,$16.30,206.0,Wireless Headphones,,4.0,2025-10-10T20:21:54,0.0,1.0,no_new_on_page
B00NG57H4S,20251010_171830,11831,,$48.00,95.0,Wireless Headphones,,4.0,2025-10-10T20:21:54,0.0,1.0,no_new_on_page
B0CRTYZG5C,20251010_171830,14528,,$2999,24.0,Wireless Headphones,,4.0,2025-10-10T20:21:54,5.0,2.0,no_new_on_page
B0D4Z9C562,20251010_171830,13905,,$2999,21.0,Wireless Headphones,,4.0,2025-10-10T20:21:54,2.0,2.0,no_new_on_page
B0CBLKS51N,20251010_171830,1787,,$2999,8432.0,Wireless Headphones,,4.0,2025-10-10T20:21:54,0.0,1.0,no_new_on_page
B07RFNZYJZ,20251010_171830,9732,,$99.95,465.0,Wireless Headphones,,4.0,2025-10-10T20:21:54,0.0,1.0,no_new_on_page
B0BH4KKZB4,20251010_171830,1520,,$24.99,224.0,Wireless Headphones,,4.0,2025-10-10T20:21:54,0.0,1.0,no_new_on_page
B0CVX9YTDL,20251010_171830,91,,$27.54,50443.0,Wireless Headphones,,4.0,2025-10-10T20:21:54,0.0,1.0,no_new_on_page
B0D4R5WVVR,20251010_221702,100,,$21.99,8368.0,Wireless Headphones,,4.0,2025-10-11T01:20:28,0.0,1.0,no_new_on_page
B08J9MVB6W,20251010_221702,3297,,$199.95,950.0,Wireless Headphones,,4.0,2025-10-11T01:20:28,0.0,1.0,no_new_on_page
B0DLKB5V35,20251010_221702,91145,,$29.90,73.0,Wireless Headphones,,4.0,2025-10-11T01:20:28,1.0,2.0,no_new_on_page
B0CT9SBWC9,20251010_221702,1101,,$8.99,372.0,Wireless Headphones,,4.0,2025-10-11T01:20:28,0.0,1.0,no_new_on_page
B085899TQ9,20251010_221702,126,,$19.99,1310.0,Wireless Headphones,,4.0,2025-10-11T01:20:28,0.0,1.0,no_new_on_page
B0CQXR6GCF,20251010_221702,16,,$24.98,37848.0,Wireless Headphones,,4.0,2025-10-11T01:20:28,0.0,1.0,no_new_on_page
B0C3HCD34R,20251010_221702,39057,,$9.97,64.0,Wireless Headphones,,4.0,2025-10-11T01:20:28,1.0,2.0,no_new_on_page
B0BVM1PSYN,20251010_221702,1426,,$15.60,1708.0,Wireless Headphones,,4.0,2025-10-11T01:20:28,0.0,1.0,no_new_on_page
B0B6131LBN,20251010_221702,310,,$14.95,40010.0,Wireless Headphones,,4.0,2025-10-11T01:20:28,0.0,1.0,no_new_on_page
B0DJW5G283,20251010_221702,1405,,$15.60,19322.0,Wireless Headphones,,4.0,2025-10-11T01:20:28,0.0,1.0,no_new_on_page
B0BS1QCFHX,20251010_221702,12469,,$9.97,148.0,Wireless Headphones,,4.0,2025-10-11T01:20:28,0.0,1.0,no_new_on_page
B08HMWZBXC,20251010_221702,87345,,$8.99,287.0,Wireless Headphones,,4.0,2025-10-11T01:20:28,0.0,1.0,no_new_on_page
B0BVRJXH27,20251010_221702,1935,,$2999,3488.0,Wireless Headphones,,4.0,2025-10-11T01:20:28,0.0,1.0,no_new_on_page
B0CS8H4124,20251010_221702,8053,,$2999,301.0,Wireless Headphones,,4.0,2025-10-11T01:20:28,1.0,2.0,no_new_on_page
B0DP8WJ5BN,20251010_221702,29,,$31.99,79305.0,Wireless Headphones,,4.0,2025-10-11T01:20:28,0.0,1.0,no_new_on_page
B0C6KFZC9Z,20251010_221702,10967,,$2999,206.0,Wireless Headphones,,4.0,2025-10-11T01:20:28,1.0,2.0,no_new_on_page
B00NG57H4S,20251010_221702,11831,,$48.00,95.0,Wireless Headphones,,4.0,2025-10-11T01:20:28,0.0,1.0,no_new_on_page
B0CRTYZG5C,20251010_221702,14535,,$1869,24.0,Wireless Headphones,,4.0,2025-10-11T01:20:28,4.0,2.0,no_new_on_page
B0D4Z9C562,20251010_221702,13907,,$2999,21.0,Wireless Headphones,,4.0,2025-10-11T01:20:28,1.0,2.0,no_new_on_page
B0CBLKS51N,20251010_221702,1787,,$2999,8439.0,Wireless Headphones,,4.0,2025-10-11T01:20:28,0.0,1.0,no_new_on_page
B07RFNZYJZ,20251010_221702,9732,,$99.95,466.0,Wireless Headphones,,4.0,2025-10-11T01:20:28,0.0,1.0,no_new_on_page
B0BH4KKZB4,20251010_221702,1520,,$24.99,224.0,Wireless Headphones,,4.0,2025-10-11T01:20:28,0.0,1.0,no_new_on_page
B0CVX9YTDL,20251010_221702,91,,$27.54,50395.0,Wireless Headphones,,4.0,2025-10-11T01:20:28,0.0,1.0,no_new_on_page
B0D4R5WVVR,20251011_031700,100,,$21.99,8371.0,Wireless Headphones,,4.0,2025-10-11T06:20:21,0.0,1.0,no_new_on_page
B08J9MVB6W,20251011_031700,3297,,$199.95,951.0,Wireless Headphones,,4.0,2025-10-11T06:20:21,0.0,1.0,no_new_on_page
B0DLKB5V35,20251011_031700,91147,,$31.49,73.0,Wireless Headphones,,4.0,2025-10-11T06:20:21,4.0,2.0,no_new_on_page
B0CT9SBWC9,20251011_031700,1101,,$8.99,372.0,Wireless Headphones,,4.0,2025-10-11T06:20:21,1.0,2.0,no_new_on_page
B085899TQ9,20251011_031700,3977,,$19.99,1309.0,Wireless Headphones,,4.0,2025-10-11T06:20:21,1.0,2.0,no_new_on_page
B0CQXR6GCF,20251011_031700,16,,$24.98,37850.0,Wireless Headphones,,4.0,2025-10-11T06:20:21,0.0,1.0,no_new_on_page
B0C3HCD34R,20251011_031700,39066,,$15.60,64.0,Wireless Headphones,,4.0,2025-10-11T06:20:21,2.0,2.0,no_new_on_page
B0BVM1PSYN,20251011_031700,1429,,$8.49,1707.0,Wireless Headphones,,4.0,2025-10-11T06:20:21,0.0,1.0,no_new_on_page
B0B6131LBN,20251011_031700,310,,$14.95,40028.0,Wireless Headphones,,4.0,2025-10-11T06:20:21,0.0,1.0,no_new_on_page
B0DJW5G283,20251011_031700,1405,,$9.99,19340.0,Wireless Headphones,,4.0,2025-10-11T06:20:21,1.0,2.0,no_new_on_page
B0BS1QCFHX,20251011_031700,12469,,$13.59,148.0,Wireless Headphones,,4.0,2025-10-11T06:20:21,1.0,2.0,no_new_on_page
B08HMWZBXC,20251011_031700,87347,,$13.49,287.0,Wireless Headphones,,4.0,2025-10-11T06:20:21,1.0,2.0,no_new_on_page
B0BVRJXH27,20251011_031700,1935,,$2999,3485.0,Wireless Headphones,,4.0,2025-10-11T06:20:21,0.0,1.0,no_new_on_page
B0CS8H4124,20251011_031700,8054,,$15.30,301.0,Wireless Headphones,,4.0,2025-10-11T06:20:21,1.0,2.0,no_new_on_page
B0DP8WJ5BN,20251011_031700,29,,$31.99,79316.0,Wireless Headphones,,4.0,2025-10-11T06:20:21,0.0,1.0,no_new_on_page
B0C6KFZC9Z,20251011_031700,10971,,$2999,206.0,Wireless Headphones,,4.0,2025-10-11T06:20:21,0.0,1.0,no_new_on_page
B00NG57H4S,20251011_031700,11831,,$48.00,95.0,Wireless Headphones,,4.0,2025-10-11T06:20:21,0.0,1.0,no_new_on_page
B0CRTYZG5C,20251011_031700,14548,,$9.97,24.0,Wireless Headphones,,4.0,2025-10-11T06:20:21,7.0,2.0,no_new_on_page
B0D4Z9C562,20251011_031700,13909,,$2999,21.0,Wireless Headphones,,4.0,2025-10-11T06:20:21,1.0,2.0,no_new_on_page
B0CBLKS51N,20251011_031700,1788,,$2999,8443.0,Wireless Headphones,,4.0,2025-10-11T06:20:21,0.0,1.0,no_new_on_page
B07RFNZYJZ,20251011_031700,9732,,$99.95,466.0,Wireless Headphones,,4.0,2025-10-11T06:20:21,0.0,1.0,no_new_on_page
B0BH4KKZB4,20251011_031700,1520,,$24.99,224.0,Wireless Headphones,,4.0,2025-10-11T06:20:21,0.0,1.0,no_new_on_page
B0CVX9YTDL,20251011_031700,91,,$27.54,50412.0,Wireless Headphones,,4.0,2025-10-11T06:20:21,0.0,1.0,no_new_on_page
B0D4R5WVVR,20251011_080613,100,,$21.99,8255.0,Wireless Headphones,,4.0,2025-10-11T11:08:45,0.0,1.0,no_new_on_page
B08J9MVB6W,20251011_080613,60,,$199.95,1211.0,Wireless Headphones,,4.0,2025-10-11T11:08:45,0.0,1.0,no_new_on_page
B0DLKB5V35,20251011_080613,91149,,$8.99,76.0,Wireless Headphones,,4.0,2025-10-11T11:08:45,2.0,2.0,no_new_on_page
B0CT9SBWC9,20251011_080613,1102,,$29.90,410.0,Wireless Headphones,,4.0,2025-10-11T11:08:45,0.0,1.0,no_new_on_page
B085899TQ9,20251011_080613,3977,,$19.99,1307.0,Wireless Headphones,,4.0,2025-10-11T11:08:45,0.0,1.0,no_new_on_page
B0CQXR6GCF,20251011_080613,16,,$24.98,50965.0,Wireless Headphones,,4.0,2025-10-11T11:08:45,0.0,1.0,no_new_on_page
B0C3HCD34R,20251011_080613,39076,,$29.90,62.0,Wireless Headphones,,4.0,2025-10-11T11:08:45,4.0,2.0,no_new_on_page
B0BVM1PSYN,20251011_080613,1429,,$42.50,1566.0,Wireless Headphones,,4.0,2025-10-11T11:08:45,1.0,2.0,no_new_on_page
B0B6131LBN,20251011_080613,310,,$14.95,40033.0,Wireless Headphones,,4.0,2025-10-11T11:08:45,0.0,1.0,no_new_on_page
B0DJW5G283,20251011_080613,1405,,$8.99,19778.0,Wireless Headphones,,4.0,2025-10-11T11:08:45,0.0,1.0,no_new_on_page
B0BS1QCFHX,20251011_080613,12471,,$42.50,152.0,Wireless Headphones,,4.0,2025-10-11T11:08:45,2.0,2.0,no_new_on_page
B08HMWZBXC,20251011_080613,87352,,$31.49,316.0,Wireless Headphones,,4.0,2025-10-11T11:08:45,2.0,2.0,no_new_on_page
B0BVRJXH27,20251011_080613,1935,,,,Wireless Headphones,,,2025-10-11T11:08:45,0.0,1.0,no_new_on_page
B0D4R5WVVR,20251011_131936,100,,$21.99,8251.0,Wireless Headphones,,4.0,2025-10-11T16:23:12,0.0,1.0,no_new_on_page
B08J9MVB6W,20251011_131936,3297,,$199.95,1209.0,Wireless Headphones,,4.0,2025-10-11T16:23:12,0.0,1.0,no_new_on_page
B0DLKB5V35,20251011_131936,91172,,$8.79,76.0,Wireless Headphones,,4.0,2025-10-11T16:23:12,6.0,2.0,no_new_on_page
B0CT9SBWC9,20251011_131936,1102,,$17.80,410.0,Wireless Headphones,,4.0,2025-10-11T16:23:12,1.0,2.0,no_new_on_page
B085899TQ9,20251011_131936,3980,,$19.99,1262.0,Wireless Headphones,,4.0,2025-10-11T16:23:12,0.0,1.0,no_new_on_page
B0CQXR6GCF,20251011_131936,16,,$24.98,50961.0,Wireless Headphones,,4.0,2025-10-11T16:23:12,0.0,1.0,no_new_on_page
B0C3HCD34R,20251011_131936,39142,,$34.00,62.0,Wireless Headphones,,4.0,2025-10-11T16:23:12,0.0,1.0,no_new_on_page
B0BVM1PSYN,20251011_131936,1436,,$15.60,1566.0,Wireless Headphones,,4.0,2025-10-11T16:23:12,1.0,2.0,no_new_on_page
B0B6131LBN,20251011_131936,310,,$14.95,35791.0,Wireless Headphones,,4.0,2025-10-11T16:23:12,0.0,1.0,no_new_on_page
B0DJW5G283,20251011_131936,1410,,$26.17,19769.0,Wireless Headphones,,4.0,2025-10-11T16:23:12,1.0,2.0,no_new_on_page
B0BS1QCFHX,20251011_131936,12487,,$16.30,152.0,Wireless Headphones,,4.0,2025-10-11T16:23:12,0.0,1.0,no_new_on_page
B08HMWZBXC,20251011_131936,87399,,$17.80,316.0,Wireless Headphones,,4.0,2025-10-11T16:23:12,1.0,2.0,no_new_on_page
B0BVRJXH27,20251011_131936,1936,,$9.99,3626.0,Wireless Headphones,,4.0,2025-10-11T16:23:12,0.0,1.0,no_new_on_page
B0CS8H4124,20251011_131936,8058,,$42.50,271.0,Wireless Headphones,,4.0,2025-10-11T16:23:12,1.0,2.0,no_new_on_page
B0DP8WJ5BN,20251011_131936,29,,$31.99,66714.0,Wireless Headphones,,4.0,2025-10-11T16:23:12,0.0,1.0,no_new_on_page
B0C6KFZC9Z,20251011_131936,10988,,$2999,242.0,Wireless Headphones,,4.0,2025-10-11T16:23:12,1.0,2.0,no_new_on_page
B00NG57H4S,20251011_131936,11831,,$48.00,94.0,Wireless Headphones,,4.0,2025-10-11T16:23:12,0.0,1.0,no_new_on_page
B0CRTYZG5C,20251011_131936,14599,,$2999,25.0,Wireless Headphones,,4.0,2025-10-11T16:23:12,13.0,3.0,no_new_on_page
B0D4Z9C562,20251011_131936,13930,,$2999,21.0,Wireless Headphones,,4.0,2025-10-11T16:23:12,4.0,2.0,no_new_on_page
B0CBLKS51N,20251011_131936,1794,,$2999,7614.0,Wireless Headphones,,4.0,2025-10-11T16:23:12,2.0,2.0,no_new_on_page
B07RFNZYJZ,20251011_131936,9735,,$99.95,626.0,Wireless Headphones,,4.0,2025-10-11T16:23:12,0.0,1.0,no_new_on_page
B0BH4KKZB4,20251011_131936,1523,,$24.99,266.0,Wireless Headphones,,4.0,2025-10-11T16:23:12,0.0,1.0,no_new_on_page
B0CVX9YTDL,20251011_131936,91,,$27.54,42528.0,Wireless Headphones,,4.0,2025-10-11T16:23:12,0.0,1.0,no_new_on_page
B0D4R5WVVR,20251011_230611,100,,$21.99,8256.0,Wireless Headphones,,4.0,2025-10-12T02:10:02,0.0,1.0,no_new_on_page
B08J9MVB6W,20251011_230611,3298,,$199.95,1210.0,Wireless Headphones,,4.0,2025-10-12T02:10:02,0.0,1.0,no_new_on_page
B0DLKB5V35,20251011_230611,91175,,$9.99,76.0,Wireless Headphones,,4.0,2025-10-12T02:10:02,3.0,2.0,no_new_on_page
B0CT9SBWC9,20251011_230611,1103,,$8.79,411.0,Wireless Headphones,,4.0,2025-10-12T02:10:02,0.0,1.0,no_new_on_page
B085899TQ9,20251011_230611,3980,,$19.99,1263.0,Wireless Headphones,,4.0,2025-10-12T02:10:02,0.0,1.0,no_new_on_page
B0CQXR6GCF,20251011_230611,16,,$24.98,50980.0,Wireless Headphones,,4.0,2025-10-12T02:10:02,0.0,1.0,no_new_on_page
B0C3HCD34R,20251011_230611,39151,,$9.97,62.0,Wireless Headphones,,4.0,2025-10-12T02:10:02,4.0,2.0,no_new_on_page
B0BVM1PSYN,20251011_230611,1439,,$2597,1567.0,Wireless Headphones,,4.0,2025-10-12T02:10:02,0.0,1.0,no_new_on_page
B0B6131LBN,20251011_230611,310,,$14.95,35805.0,Wireless Headphones,,4.0,2025-10-12T02:10:02,0.0,1.0,no_new_on_page
B0DJW5G283,20251011_230611,1410,,$10.99,19769.0,Wireless Headphones,,4.0,2025-10-12T02:10:02,0.0,1.0,no_new_on_page
B0BS1QCFHX,20251011_230611,12488,,$12.74,152.0,Wireless Headphones,,4.0,2025-10-12T02:10:02,1.0,2.0,no_new_on_page
B08HMWZBXC,20251011_230611,87403,,$42.50,317.0,Wireless Headphones,,4.0,2025-10-12T02:10:02,3.0,2.0,no_new_on_page
B0BVRJXH27,20251011_230611,1936,,$2999,3625.0,Wireless Headphones,,4.0,2025-10-12T02:10:02,1.0,2.0,no_new_on_page
B0CS8H4124,20251011_230611,8066,,$2999,271.0,Wireless Headphones,,4.0,2025-10-12T02:10:02,2.0,2.0,no_new_on_page
B0DP8WJ5BN,20251011_230611,29,,$31.99,66735.0,Wireless Headphones,,4.0,2025-10-12T02:10:02,0.0,1.0,no_new_on_page
B0C6KFZC9Z,20251011_230611,10989,,$42.50,243.0,Wireless Headphones,,4.0,2025-10-12T02:10:02,0.0,1.0,no_new_on_page
B00NG57H4S,20251011_230611,11831,,$48.00,94.0,Wireless Headphones,,4.0,2025-10-12T02:10:02,0.0,1.0,no_new_on_page
B0CRTYZG5C,20251011_230611,14612,,$2999,25.0,Wireless Headphones,,4.0,2025-10-12T02:10:02,9.0,2.0,no_new_on_page
B0D4Z9C562,20251011_230611,13933,,$2999,21.0,Wireless Headphones,,4.0,2025-10-12T02:10:02,1.0,2.0,no_new_on_page
B0CBLKS51N,20251011_230611,1795,,$2999,7618.0,Wireless Headphones,,4.0,2025-10-12T02:10:02,0.0,1.0,no_new_on_page
B07RFNZYJZ,20251011_230611,9735,,$99.95,626.0,Wireless Headphones,,4.0,2025-10-12T02:10:02,0.0,1.0,no_new_on_page
B0BH4KKZB4,20251011_230611,1524,,$24.99,267.0,Wireless Headphones,,4.0,2025-10-12T02:10:02,1.0,2.0,no_new_on_page
B0CVX9YTDL,20251011_230611,91,,$27.54,42535.0,Wireless Headphones,,4.0,2025-10-12T02:10:02,0.0,1.0,no_new_on_page
B0D4R5WVVR,20251012_041713,100,,$21.99,7592.0,Wireless Headphones,,4.0,2025-10-12T07:20:19,0.0,1.0,no_new_on_page
B08J9MVB6W,20251012_041713,3298,,$199.95,1480.0,Wireless Headphones,,4.0,2025-10-12T07:20:19,0.0,1.0,no_new_on_page
B0DLKB5V35,20251012_041713,91175,,$42.50,90.0,Wireless Headphones,,4.0,2025-10-12T07:20:19,0.0,1.0,no_new_on_page
B0CT9SBWC9,20251012_041713,1103,,$42.50,383.0,Wireless Headphones,,4.0,2025-10-12T07:20:19,0.0,1.0,no_new_on_page
B085899TQ9,20251012_041713,3980,,$19.99,1211.0,Wireless Headphones,,4.0,2025-10-12T07:20:19,0.0,1.0,no_new_on_page
B0CQXR6GCF,20251012_041713,16,,$24.98,65366.0,Wireless Headphones,,4.0,2025-10-12T07:20:19,0.0,1.0,no_new_on_page
B0C3HCD34R,20251012_041713,39160,,$42.50,63.0,Wireless Headphones,,4.0,2025-10-12T07:20:19,2.0,2.0,no_new_on_page
B0BVM1PSYN,20251012_041713,1443,,$2597,1399.0,Wireless Headphones,,4.0,2025-10-12T07:20:19,1.0,2.0,no_new_on_page
B0B6131LBN,20251012_041713,310,,$14.95,40073.0,Wireless Headphones,,4.0,2025-10-12T07:20:19,0.0,1.0,no_new_on_page
B0DJW5G283,20251012_041713,1411,,$15.60,21510.0,Wireless Headphones,,4.0,2025-10-12T07:20:19,0.0,1.0,no_new_on_page
B0BS1QCFHX,20251012_041713,12488,,$26.17,146.0,Wireless Headphones,,4.0,2025-10-12T07:20:19,0.0,1.0,no_new_on_page
B08HMWZBXC,20251012_041713,87401,,$12.74,351.0,Wireless Headphones,,4.0,2025-10-12T07:20:19,1.0,2.0,no_new_on_page
B0BVRJXH27,20251012_041713,1936,,$2999,3991.0,Wireless Headphones,,4.0,2025-10-12T07:20:19,0.0,1.0,no_new_on_page
B0CS8H4124,20251012_041713,8068,,$15.60,268.0,Wireless Headphones,,4.0,2025-10-12T07:20:19,0.0,1.0,no_new_on_page
B0DP8WJ5BN,20251012_041713,29,,$31.99,61362.0,Wireless Headphones,,4.0,2025-10-12T07:20:19,0.0,1.0,no_new_on_page
B0C6KFZC9Z,20251012_041713,10989,,$2999,299.0,Wireless Headphones,,4.0,2025-10-12T07:20:19,0.0,1.0,no_new_on_page
B00NG57H4S,20251012_041713,11831,,$48.00,95.0,Wireless Headphones,,4.0,2025-10-12T07:20:19,0.0,1.0,no_new_on_page
B0CRTYZG5C,20251012_041713,14620,,$34.00,29.0,Wireless Headphones,,4.0,2025-10-12T07:20:19,6.0,2.0,no_new_on_page
B0D4Z9C562,20251012_041713,13933,,$2999,24.0,Wireless Headphones,,4.0,2025-10-12T07:20:19,1.0,2.0,no_new_on_page
B0CBLKS51N,20251012_041713,186,,$2999,5710.0,Wireless Headphones,,4.0,2025-10-12T07:20:19,0.0,1.0,no_new_on_page
B07RFNZYJZ,20251012_041713,9735,,$99.95,797.0,Wireless Headphones,,4.0,2025-10-12T07:20:19,0.0,1.0,no_new_on_page
B0BH4KKZB4,20251012_041713,1524,,$24.99,332.0,Wireless Headphones,,4.0,2025-10-12T07:20:19,0.0,1.0,no_new_on_page
B0CVX9YTDL,20251012_041713,91,,$27.54,45670.0,Wireless Headphones,,4.0,2025-10-12T07:20:19,0.0,1.0,no_new_on_page
B0D4R5WVVR,20251012_090600,100,,$21.99,7637.0,Wireless Headphones,,4.0,2025-10-12T12:09:57,0.0,1.0,no_new_on_page
B08J9MVB6W,20251012_090600,3298,,$199.95,1507.0,Wireless Headphones,,4.0,2025-10-12T12:09:57,0.0,1.0,no_new_on_page
B0DLKB5V35,20251012_090600,91177,,$15.90,84.0,Wireless Headphones,,4.0,2025-10-12T12:09:57,3.0,2.0,no_new_on_page
B0CT9SBWC9,20251012_090600,1103,,$9.97,413.0,Wireless Headphones,,4.0,2025-10-12T12:09:57,0.0,1.0,no_new_on_page
B085899TQ9,20251012_090600,3980,,$19.99,1171.0,Wireless Headphones,,4.0,2025-10-12T12:09:57,0.0,1.0,no_new_on_page
B0CQXR6GCF,20251012_090600,16,,$24.98,66543.0,Wireless Headphones,,4.0,2025-10-12T12:09:57,0.0,1.0,no_new_on_page
B0C3HCD34R,20251012_090600,39173,,$26.17,63.0,Wireless Headphones,,4.0,2025-10-12T12:09:57,2.0,2.0,no_new_on_page
B0BVM1PSYN,20251012_090600,1443,,$11.90,1440.0,Wireless Headphones,,4.0,2025-10-12T12:09:57,2.0,2.0,no_new_on_page
B0B6131LBN,20251012_090600,310,,$14.95,38527.0,Wireless Headphones,,4.0,2025-10-12T12:09:57,0.0,1.0,no_new_on_page
B0DJW5G283,20251012_090600,1412,,$15.90,18837.0,Wireless Headphones,,4.0,2025-10-12T12:09:57,0.0,1.0,no_new_on_page
B0BS1QCFHX,20251012_090600,12489,,$9.99,149.0,Wireless Headphones,,4.0,2025-10-12T12:09:57,2.0,2.0,no_new_on_page
B08HMWZBXC,20251012_090600,87404,,$9.99,349.0,Wireless Headphones,,4.0,2025-10-12T12:09:57,0.0,1.0,no_new_on_page
B0BVRJXH27,20251012_090600,1936,,$2999,3806.0,Wireless Headphones,,4.0,2025-10-12T12:09:57,0.0,1.0,no_new_on_page
B0CS8H4124,20251012_090600,8068,,$24.98,259.0,Wireless Headphones,,4.0,2025-10-12T12:09:57,0.0,1.0,no_new_on_page
B0DP8WJ5BN,20251012_090600,29,,$31.99,61294.0,Wireless Headphones,,4.0,2025-10-12T12:09:57,0.0,1.0,no_new_on_page
B0C6KFZC9Z,20251012_090600,10991,,$9.97,300.0,Wireless Headphones,,4.0,2025-10-12T12:09:57,0.0,1.0,no_new_on_page
B00NG57H4S,20251012_090600,11830,,$38.00,95.0,Wireless Headphones,,4.0,2025-10-12T12:09:57,0.0,1.0,no_new_on_page
B0CRTYZG5C,20251012_090600,14629,,$9.99,30.0,Wireless Headphones,,4.0,2025-10-12T12:09:57,6.0,2.0,no_new_on_page
B0D4Z9C562,20251012_090600,13941,,$2999,24.0,Wireless Headphones,,4.0,2025-10-12T12:09:57,5.0,2.0,no_new_on_page
B0CBLKS51N,20251012_090600,1795,,$2999,5144.0,Wireless Headphones,,4.0,2025-10-12T12:09:57,0.0,1.0,no_new_on_page
B07RFNZYJZ,20251012_090600,9735,,$99.95,831.0,Wireless Headphones,,4.0,2025-10-12T12:09:57,0.0,1.0,no_new_on_page
B0BH4KKZB4,20251012_090600,1524,,$24.99,327.0,Wireless Headphones,,4.0,2025-10-12T12:09:57,0.0,1.0,no_new_on_page
B0CVX9YTDL,20251012_090600,91,,$27.54,43578.0,Wireless Headphones,,4.0,2025-10-12T12:09:57,0.0,1.0,no_new_on_page
B0D4R5WVVR,20251012_141829,100,,$21.99,7631.0,Wireless Headphones,,4.0,2025-10-12T17:21:43,0.0,1.0,no_new_on_page
B08J9MVB6W,20251012_141829,3299,,$199.95,1507.0,Wireless Headphones,,4.0,2025-10-12T17:21:43,1.0,2.0,no_new_on_page
B0DLKB5V35,20251012_141829,91206,,$9.99,84.0,Wireless Headphones,,4.0,2025-10-12T17:21:43,2.0,2.0,no_new_on_page
B0CT9SBWC9,20251012_141829,1109,,$15.90,413.0,Wireless Headphones,,4.0,2025-10-12T17:21:43,0.0,1.0,no_new_on_page
B085899TQ9,20251012_141829,3981,,$19.99,1171.0,Wireless Headphones,,4.0,2025-10-12T17:21:43,0.0,1.0,no_new_on_page
B0CQXR6GCF,20251012_141829,16,,$24.98,66537.0,Wireless Headphones,,4.0,2025-10-12T17:21:43,0.0,1.0,no_new_on_page
B0C3HCD34R,20251012_141829,39248,,$26.17,63.0,Wireless Headphones,,4.0,2025-10-12T17:21:43,2.0,2.0,no_new_on_page
B0BVM1PSYN,20251012_141829,1451,,$13.49,1440.0,Wireless Headphones,,4.0,2025-10-12T17:21:43,0.0,1.0,no_new_on_page
B0B6131LBN,20251012_141829,310,,$14.95,38518.0,Wireless Headphones,,4.0,2025-10-12T17:21:43,0.0,1.0,no_new_on_page
B0DJW5G283,20251012_141829,1416,,$1869,18829.0,Wireless Headphones,,4.0,2025-10-12T17:21:43,0.0,1.0,no_new_on_page
B0BS1QCFHX,20251012_141829,12500,,$8.49,149.0,Wireless Headphones,,4.0,2025-10-12T17:21:43,1.0,2.0,no_new_on_page
B08HMWZBXC,20251012_141829,87437,,$8.99,349.0,Wireless Headphones,,4.0,2025-10-12T17:21:43,1.0,2.0,no_new_on_page
B0BVRJXH27,20251012_141829,1939,,$2999,3806.0,Wireless Headphones,,4.0,2025-10-12T17:21:43,0.0,1.0,no_new_on_page
B0CS8H4124,20251012_141829,8082,,$2999,259.0,Wireless Headphones,,4.0,2025-10-12T17:21:43,1.0,2.0,no_new_on_page
B0DP8WJ5BN,20251012_141829,29,,$31.99,61286.0,Wireless Headphones,,4.0,2025-10-12T17:21:43,0.0,1.0,no_new_on_page
B0C6KFZC9Z,20251012_141829,11005,,$15.00,300.0,Wireless Headphones,,4.0,2025-10-12T17:21:43,0.0,1.0,no_new_on_page
B00NG57H4S,20251012_141829,11832,,$38.00,95.0,Wireless Headphones,,4.0,2025-10-12T17:21:43,0.0,1.0,no_new_on_page
B0CRTYZG5C,20251012_141829,14677,,$2999,30.0,Wireless Headphones,,4.0,2025-10-12T17:21:43,7.0,2.0,no_new_on_page
B0D4Z9C562,20251012_141829,13966,,$2999,24.0,Wireless Headphones,,4.0,2025-10-12T17:21:43,2.0,2.0,no_new_on_page
B0CBLKS51N,20251012_141829,1796,,$2999,5144.0,Wireless Headphones,,4.0,2025-10-12T17:21:43,0.0,1.0,no_new_on_page
B07RFNZYJZ,20251012_141829,9735,,$99.95,831.0,Wireless Headphones,,4.0,2025-10-12T17:21:43,0.0,1.0,no_new_on_page
B0BH4KKZB4,20251012_141829,1530,,$24.99,327.0,Wireless Headphones,,4.0,2025-10-12T17:21:43,0.0,1.0,no_new_on_page
B0CVX9YTDL,20251012_141829,91,,$27.54,43570.0,Wireless Headphones,,4.0,2025-10-12T17:21:43,0.0,1.0,no_new_on_page
B0D4R5WVVR,20251013_001623,100,,$21.99,7627.0,Wireless Headphones,,4.0,2025-10-13T03:19:26,0.0,1.0,no_new_on_page
B08J9MVB6W,20251013_001623,3299,,$199.95,1506.0,Wireless Headphones,,4.0,2025-10-13T03:19:26,0.0,1.0,no_new_on_page
B0DLKB5V35,20251013_001623,91205,,$17.98,84.0,Wireless Headphones,,4.0,2025-10-13T03:19:26,0.0,1.0,no_new_on_page
B0CT9SBWC9,20251013_001623,1109,,$1928,413.0,Wireless Headphones,,4.0,2025-10-13T03:19:26,0.0,1.0,no_new_on_page
B085899TQ9,20251013_001623,3981,,$19.99,1171.0,Wireless Headphones,,4.0,2025-10-13T03:19:26,0.0,1.0,no_new_on_page
B0CQXR6GCF,20251013_001623,16,,$24.98,66561.0,Wireless Headphones,,4.0,2025-10-13T03:19:26,0.0,1.0,no_new_on_page
B0C3HCD34R,20251013_001623,39253,,$8.99,63.0,Wireless Headphones,,4.0,2025-10-13T03:19:26,1.0,2.0,no_new_on_page
B0BVM1PSYN,20251013_001623,1453,,$9.99,1439.0,Wireless Headphones,,4.0,2025-10-13T03:19:26,1.0,2.0,no_new_on_page
B0B6131LBN,20251013_001623,310,,$14.95,38528.0,Wireless Headphones,,4.0,2025-10-13T03:19:26,0.0,1.0,no_new_on_page
B0DJW5G283,20251013_001623,1416,,$8.49,18830.0,Wireless Headphones,,4.0,2025-10-13T03:19:26,0.0,1.0,no_new_on_page
B0BS1QCFHX,20251013_001623,12500,,$26.17,149.0,Wireless Headphones,,4.0,2025-10-13T03:19:26,0.0,1.0,no_new_on_page
B08HMWZBXC,20251013_001623,87437,,$26.17,349.0,Wireless Headphones,,4.0,2025-10-13T03:19:26,0.0,1.0,no_new_on_page
B0BVRJXH27,20251013_001623,1939,,$2999,3804.0,Wireless Headphones,,4.0,2025-10-13T03:19:26,0.0,1.0,no_new_on_page
B0CS8H4124,20251013_001623,8082,,$8.49,259.0,Wireless Headphones,,4.0,2025-10-13T03:19:26,1.0,2.0,no_new_on_page
B0DP8WJ5BN,20251013_001623,29,,$31.99,61311.0,Wireless Headphones,,4.0,2025-10-13T03:19:26,0.0,1.0,no_new_on_page
B0C6KFZC9Z,20251013_001623,11005,,$2999,300.0,Wireless Headphones,,4.0,2025-10-13T03:19:26,0.0,1.0,no_new_on_page
B00NG57H4S,20251013_001623,11832,,$38.00,95.0,Wireless Headphones,,4.0,2025-10-13T03:19:26,0.0,1.0,no_new_on_page
B0CRTYZG5C,20251013_001623,14677,,$17.98,30.0,Wireless Headphones,,4.0,2025-10-13T03:19:26,4.0,2.0,no_new_on_page
B0D4Z9C562,20251013_001623,13970,,$2999,24.0,Wireless Headphones,,4.0,2025-10-13T03:19:26,3.0,2.0,no_new_on_page
B0CBLKS51N,20251013_001623,1796,,$2999,5142.0,Wireless Headphones,,4.0,2025-10-13T03:19:26,0.0,1.0,no_new_on_page
B07RFNZYJZ,20251013_001623,9735,,$99.95,831.0,Wireless Headphones,,4.0,2025-10-13T03:19:26,0.0,1.0,no_new_on_page
B0BH4KKZB4,20251013_001623,1530,,$24.99,327.0,Wireless Headphones,,4.0,2025-10-13T03:19:26,0.0,1.0,no_new_on_page
B0CVX9YTDL,20251013_001623,91,,$27.54,43581.0,Wireless Headphones,,4.0,2025-10-13T03:19:26,0.0,1.0,no_new_on_page
B0D4R5WVVR,20251013_050609,100,,$21.99,8232.0,Wireless Headphones,,4.0,2025-10-13T08:09:44,0.0,1.0,no_new_on_page
B08J9MVB6W,20251013_050609,3299,,$199.95,1636.0,Wireless Headphones,,4.0,2025-10-13T08:09:44,0.0,1.0,no_new_on_page
B0DLKB5V35,20251013_050609,91206,,$29.99,102.0,Wireless Headphones,,4.0,2025-10-13T08:09:44,2.0,2.0,no_new_on_page
B0CT9SBWC9,20251013_050609,1109,,$1869,398.0,Wireless Headphones,,4.0,2025-10-13T08:09:44,1.0,2.0,no_new_on_page
B085899TQ9,20251013_050609,3981,,$19.99,1128.0,Wireless Headphones,,4.0,2025-10-13T08:09:44,0.0,1.0,no_new_on_page
B0CQXR6GCF,20251013_050609,16,,$24.98,59615.0,Wireless Headphones,,4.0,2025-10-13T08:09:44,0.0,1.0,no_new_on_page
B0C3HCD34R,20251013_050609,39268,,$13.49,67.0,Wireless Headphones,,4.0,2025-10-13T08:09:44,2.0,2.0,no_new_on_page
B0BVM1PSYN,20251013_050609,1457,,$9.97,1309.0,Wireless Headphones,,4.0,2025-10-13T08:09:44,0.0,1.0,no_new_on_page
B0B6131LBN,20251013_050609,310,,$14.95,35400.0,Wireless Headphones,,4.0,2025-10-13T08:09:44,0.0,1.0,no_new_on_page
B0DJW5G283,20251013_050609,1417,,$9.97,21975.0,Wireless Headphones,,4.0,2025-10-13T08:09:44,0.0,1.0,no_new_on_page
B0BS1QCFHX,20251013_050609,12500,,$11.90,150.0,Wireless Headphones,,4.0,2025-10-13T08:09:44,0.0,1.0,no_new_on_page
B08HMWZBXC,20251013_050609,87440,,$31.49,405.0,Wireless Headphones,,4.0,2025-10-13T08:09:44,2.0,2.0,no_new_on_page
B0BVRJXH27,20251013_050609,1939,,$2999,4396.0,Wireless Headphones,,4.0,2025-10-13T08:09:44,0.0,1.0,no_new_on_page
B0CS8H4124,20251013_050609,8082,,$8.49,265.0,Wireless Headphones,,4.0,2025-10-13T08:09:44,0.0,1.0,no_new_on_page
B0DP8WJ5BN,20251013_050609,29,,$31.99,46096.0,Wireless Headphones,,4.0,2025-10-13T08:09:44,0.0,1.0,no_new_on_page
B0C6KFZC9Z,20251013_050609,11008,,$11.99,361.0,Wireless Headphones,,4.0,2025-10-13T08:09:44,0.0,1.0,no_new_on_page
B00NG57H4S,20251013_050609,11832,,$38.00,86.0,Wireless Headphones,,4.0,2025-10-13T08:09:44,0.0,1.0,no_new_on_page
B0CRTYZG5C,20251013_050609,14685,,$9.97,33.0,Wireless Headphones,,4.0,2025-10-13T08:09:44,7.0,2.0,no_new_on_page
B0D4Z9C562,20251013_050609,13972,,$2999,28.0,Wireless Headphones,,4.0,2025-10-13T08:09:44,3.0,2.0,no_new_on_page
B0CBLKS51N,20251013_050609,1796,,$2999,4707.0,Wireless Headphones,,4.0,2025-10-13T08:09:44,0.0,1.0,no_new_on_page
B07RFNZYJZ,20251013_050609,9735,,$99.95,1059.0,Wireless Headphones,,4.0,2025-10-13T08:09:44,0.0,1.0,no_new_on_page
B0BH4KKZB4,20251013_050609,1530,,$24.99,408.0,Wireless Headphones,,4.0,2025-10-13T08:09:44,0.0,1.0,no_new_on_page
B0CVX9YTDL,20251013_050609,91,,$27.54,27529.0,Wireless Headphones,,4.0,2025-10-13T08:09:44,0.0,1.0,no_new_on_page
B0D4R5WVVR,20251013_101718,100,,$21.99,8186,Wireless Headphones,,4,2025-10-13T13:20:33,0.0,1.0,no_new_on_page
B08J9MVB6W,20251013_101718,3299,,$199.95,1656,Wireless Headphones,,4,2025-10-13T13:20:33,0.0,1.0,no_new_on_page
B0DLKB5V35,20251013_101718,91207,,$14.99,95,Wireless Headphones,,4,2025-10-13T13:20:33,3.0,2.0,no_new_on_page
B0CT9SBWC9,20251013_101718,1110,,$13.49,430,Wireless Headphones,,4,2025-10-13T13:20:33,0.0,1.0,no_new_on_page
B085899TQ9,20251013_101718,3981,,$19.99,1105,Wireless Headphones,,4,2025-10-13T13:20:33,0.0,1.0,no_new_on_page
B0CQXR6GCF,20251013_101718,16,,$24.98,61572,Wireless Headphones,,4,2025-10-13T13:20:33,0.0,1.0,no_new_on_page
B0C3HCD34R,20251013_101718,39284,,$34.19,68,Wireless Headphones,,4,2025-10-13T13:20:33,2.0,2.0,no_new_on_page
B0BVM1PSYN,20251013_101718,1456,,$9.97,1372,Wireless Headphones,,4,2025-10-13T13:20:33,0.0,1.0,no_new_on_page
B0B6131LBN,20251013_101718,311,,$14.95,34632,Wireless Headphones,,4,2025-10-13T13:20:33,1.0,2.0,no_new_on_page
B0DJW5G283,20251013_101718,1417,,$7.99,18992,Wireless Headphones,,4,2025-10-13T13:20:33,0.0,1.0,no_new_on_page
B0BS1QCFHX,20251013_101718,12500,,$8.49,154,Wireless Headphones,,4,2025-10-13T13:20:33,0.0,1.0,no_new_on_page
B08HMWZBXC,20251013_101718,87444,,$11.89,393,Wireless Headphones,,4,2025-10-13T13:20:33,0.0,1.0,no_new_on_page
B0BVRJXH27,20251013_101718,1939,,$1997,4092,Wireless Headphones,,4,2025-10-13T13:20:33,0.0,1.0,no_new_on_page
B0CS8H4124,20251013_101718,8083,,$9.97,256,Wireless Headphones,,4,2025-10-13T13:20:33,1.0,2.0,no_new_on_page
B0DP8WJ5BN,20251013_101718,29,,$31.99,47657,Wireless Headphones,,4,2025-10-13T13:20:33,0.0,1.0,no_new_on_page
B0C6KFZC9Z,20251013_101718,11011,,$11.89,349,Wireless Headphones,,4,2025-10-13T13:20:33,2.0,2.0,no_new_on_page
B00NG57H4S,20251013_101718,11832,,$58.00,89,Wireless Headphones,,4,2025-10-13T13:20:33,0.0,1.0,no_new_on_page
B0CRTYZG5C,20251013_101718,14694,,$17.49,32,Wireless Headphones,,4,2025-10-13T13:20:33,5.0,2.0,no_new_on_page
B0D4Z9C562,20251013_101718,13976,,$1997,28,Wireless Headphones,,4,2025-10-13T13:20:33,2.0,2.0,no_new_on_page
B0CBLKS51N,20251013_101718,1797,,$1997,4391,Wireless Headphones,,4,2025-10-13T13:20:33,1.0,2.0,no_new_on_page
B07RFNZYJZ,20251013_101718,9735,,$239.95,1079,Wireless Headphones,,4,2025-10-13T13:20:33,0.0,1.0,no_new_on_page
B0BH4KKZB4,20251013_101718,1531,,$24.99,391,Wireless Headphones,,4,2025-10-13T13:20:33,0.0,1.0,no_new_on_page
B0CVX9YTDL,20251013_101718,91,,$27.54,28404,Wireless Headphones,,4,2025-10-13T13:20:33,0.0,1.0,no_new_on_page
