asin,marketplace,category_path,price,best_sellers_rank,review_count,scan_timestamp
B00004T8R2,com,"Electronics > › > Headphones, Earbuds & Accessories > › > Headphones & Earbuds > › > On-Ear Headphones",$15.19,1902,4,2025-08-23 22:38:30
B0BS1PRC4L,com,"Electronics > › > Headphones, Earbuds & Accessories > › > Headphones & Earbuds > › > On-Ear Headphones",$16.99,145,4,2025-08-23 22:39:04
B00OUX6U6G,com,"Electronics > › > Headphones, Earbuds & Accessories > › > Headphones & Earbuds > › > On-Ear Headphones",$36.99,461,4,2025-08-23 22:39:39
B0DRDPJRL9,com,"Electronics > › > Headphones, Earbuds & Accessories > › > Headphones & Earbuds > › > On-Ear Headphones",$15.19,34900,4,2025-08-23 22:40:15
B08WM3LMJF,com,"Electronics > › > Headphones, Earbuds & Accessories > › > Headphones & Earbuds > › > On-Ear Headphones",$30.59,92,4,2025-08-23 22:40:50
B006T9ZKAQ,com,"Electronics > › > Headphones, Earbuds & Accessories > › > Headphones & Earbuds > › > On-Ear Headphones",$4.95,238,4,2025-08-23 22:41:27
B00IKYI6FO,com,"Electronics > › > Headphones, Earbuds & Accessories > › > Headphones & Earbuds > › > On-Ear Headphones",$19.98,74,4,2025-08-23 22:42:02
B00NG57H4S,com,"Electronics > › > Headphones, Earbuds & Accessories > › > Headphones & Earbuds > › > Over-Ear Headphones",$29.99,153,4,2025-08-23 22:42:37
B0CGMV5TMR,com,"Electronics > › > Headphones, Earbuds & Accessories > › > Headphones & Earbuds > › > On-Ear Headphones",$19.98,3198,4,2025-08-23 22:43:13
B0CDZR83T8,com,"Electronics > › > Headphones, Earbuds & Accessories > › > Headphones & Earbuds > › > Over-Ear Headphones",$12.99,15715,4,2025-08-23 22:43:49
B07F2QF1P4,com,"Electronics > › > Headphones, Earbuds & Accessories > › > Headphones & Earbuds > › > Over-Ear Headphones",$17.99,2095,4,2025-08-23 22:44:25
B07HB9Q3CY,com,"Electronics > › > Headphones, Earbuds & Accessories > › > Headphones & Earbuds > › > Over-Ear Headphones",$17.99,1382,4,2025-08-23 22:45:00
B0DZD82GTF,com,"Electronics > › > Headphones, Earbuds & Accessories > › > Headphones & Earbuds > › > On-Ear Headphones",$19.99,3395,3,2025-08-23 22:45:36
B004JRYLG4,com,"Electronics > › > Headphones, Earbuds & Accessories > › > Headphones & Earbuds > › > Over-Ear Headphones",$14.99,6182,4,2025-08-23 22:45:47
B08FXR3BWX,com,"Electronics > › > Headphones, Earbuds & Accessories > › > Headphones & Earbuds > › > Over-Ear Headphones",$30.59,10965,4,2025-08-23 22:46:23
B08WR6YDKP,com,"Electronics > › > Headphones, Earbuds & Accessories > › > Headphones & Earbuds > › > On-Ear Headphones",$19.98,3244,4,2025-08-23 22:46:58
B073WN3W6M,com,"Electronics > › > Headphones, Earbuds & Accessories > › > Headphones & Earbuds > › > On-Ear Headphones",$74.97,3053,4,2025-08-23 22:47:34
B0CRM4Q1W1,com,"Electronics > › > Headphones, Earbuds & Accessories > › > Headphones & Earbuds > › > Over-Ear Headphones",$19.98,1174,4,2025-08-23 22:48:09
